CO,CO2,NO2,O2,LPG,Smoke,Temp,Humidity,Parking_Status
148,646,41,19.08,64,73,31,80,Unsafe
149,591,42,20.77,19,124,39,49,Unsafe
142,367,40,19.96,126,50,27,76,Unsafe
94,989,45,19.77,55,9,29,63,Moderate
54,749,29,20.25,154,9,31,42,Moderate
166,1350,103,20.32,87,70,33,68,Unsafe
152,1358,36,20.32,162,28,30,75,Unsafe
114,501,10,20.2,28,81,27,63,Moderate
165,1321,119,20.39,178,26,36,73,Unsafe
189,890,44,20.76,33,145,30,57,Unsafe
200,1434,82,20.34,193,67,29,43,Unsafe
55,1033,103,19.72,90,68,32,52,Unsafe
22,948,34,19.9,112,5,29,48,Moderate
34,570,20,20.2,138,61,25,57,Moderate
200,1195,10,19.24,137,108,39,72,Unsafe
121,352,59,20.96,182,113,36,72,Unsafe
108,1124,20,20.54,177,43,33,51,Unsafe
53,998,41,20.43,106,67,25,72,Moderate
158,1463,28,19.76,29,69,25,58,Unsafe
175,1034,106,20.79,169,91,39,65,Unsafe
114,1279,109,20.97,180,141,28,68,Unsafe
143,642,5,19.61,132,45,40,58,Unsafe
61,1126,72,20.12,147,122,31,54,Unsafe
137,1296,8,20.83,41,79,33,57,Unsafe
111,781,32,19.77,181,64,38,53,Moderate
120,1043,69,20.18,107,7,28,52,Unsafe
137,1305,20,20.64,54,121,33,78,Unsafe
118,852,19,19.72,64,8,34,68,Moderate
179,932,95,20.46,73,141,28,44,Unsafe
50,412,117,19.03,154,106,28,76,Unsafe
145,896,12,19.53,160,63,38,77,Unsafe
79,475,100,20.77,144,29,28,77,Unsafe
102,632,75,20.69,17,136,30,68,Unsafe
181,840,91,20.52,109,68,38,72,Unsafe
54,369,74,20.7,92,117,27,80,Unsafe
98,1481,91,20.55,159,138,34,69,Unsafe
158,775,59,20.9,172,69,34,58,Unsafe
55,539,9,19.79,31,60,39,72,Moderate
169,656,30,20.63,84,91,29,46,Unsafe
57,1082,95,19.46,48,78,35,56,Unsafe
81,819,72,19.27,51,28,33,63,Unsafe
188,1036,107,19.47,137,98,37,47,Unsafe
155,618,16,19.1,9,109,29,79,Unsafe
21,505,61,19.12,101,134,30,78,Unsafe
179,1096,12,19.26,121,52,32,58,Unsafe
156,714,27,19.15,38,135,38,58,Unsafe
120,1325,20,20.83,127,112,34,73,Unsafe
197,1415,107,19.34,141,128,39,54,Unsafe
61,898,54,19.34,95,130,26,45,Moderate
144,1064,15,20.48,5,101,25,69,Unsafe
92,1226,78,20.23,47,87,39,50,Unsafe
178,842,115,20.19,95,23,31,43,Unsafe
61,1309,116,19.09,17,123,31,50,Unsafe
57,824,58,20.34,81,39,37,60,Moderate
191,1309,52,20.79,106,91,40,75,Unsafe
47,1242,105,19.04,153,9,30,80,Unsafe
177,556,103,19.78,115,120,27,64,Unsafe
108,1118,59,20.89,190,90,31,67,Unsafe
197,1364,11,19.47,184,91,30,51,Unsafe
44,1102,36,20.4,86,117,34,68,Unsafe
182,818,99,19.22,41,95,35,70,Unsafe
124,976,75,20.79,103,26,25,49,Unsafe
75,454,16,19.37,103,49,33,72,Moderate
190,1001,5,20.08,101,137,28,52,Unsafe
160,753,100,19.71,99,139,39,50,Unsafe
146,667,30,20.55,195,68,28,47,Unsafe
107,940,94,20.53,95,110,26,55,Unsafe
20,838,69,19.47,200,23,38,40,Unsafe
94,792,47,20.81,20,53,28,76,Moderate
88,397,93,19.38,94,16,35,40,Unsafe
131,604,33,20.79,176,39,33,51,Unsafe
127,1221,90,20.44,89,106,31,44,Unsafe
48,508,26,20.33,26,61,29,48,Moderate
121,1393,47,20.14,69,88,40,52,Unsafe
148,693,103,19.71,152,130,32,41,Unsafe
90,544,75,20.24,45,132,38,65,Unsafe
152,612,73,20.84,200,42,26,43,Unsafe
62,1126,45,20.07,164,58,39,52,Unsafe
36,679,102,19.54,11,78,40,65,Unsafe
133,1446,32,20.38,42,65,27,49,Unsafe
88,1371,88,19.51,133,76,33,68,Unsafe
119,959,76,20.35,83,65,37,59,Unsafe
93,1377,103,20.4,26,83,39,40,Unsafe
172,418,37,20.53,194,83,40,77,Unsafe
190,685,28,19.51,8,105,27,72,Unsafe
183,963,79,19.18,77,37,26,56,Unsafe
101,510,39,19.86,6,18,38,46,Moderate
38,842,63,20.75,31,68,33,75,Unsafe
73,1453,95,20.13,57,5,31,43,Unsafe
178,1293,15,20.67,161,95,32,41,Unsafe
111,674,94,20.49,183,91,33,65,Unsafe
55,1014,115,20.58,157,36,34,49,Unsafe
21,1066,74,20.21,94,143,40,41,Unsafe
96,1291,85,19.01,102,14,31,57,Unsafe
22,1439,85,19.36,167,13,31,77,Unsafe
162,1051,21,19.92,181,38,32,48,Unsafe
179,1074,97,19.64,106,76,27,77,Unsafe
46,857,40,20.9,119,58,34,56,Moderate
117,693,12,20.27,146,142,39,43,Moderate
130,996,15,20.99,90,105,31,61,Unsafe
150,1198,105,19.59,190,126,34,68,Unsafe
67,761,39,19.36,153,57,26,73,Moderate
26,919,29,19.35,51,147,30,51,Moderate
105,721,6,19.25,40,38,37,58,Moderate
193,492,58,20.03,103,133,34,40,Unsafe
156,529,48,20.02,107,127,32,42,Unsafe
187,1308,111,19.66,79,126,26,64,Unsafe
116,634,98,19.0,34,60,27,58,Unsafe
105,680,24,19.69,67,108,27,61,Moderate
108,471,8,19.23,119,73,35,59,Moderate
192,881,101,20.01,71,118,27,49,Unsafe
168,815,38,20.18,154,28,36,61,Unsafe
170,620,46,20.41,199,142,36,63,Unsafe
67,707,11,20.5,108,105,25,46,Moderate
32,846,66,19.82,132,136,28,61,Unsafe
158,923,61,19.22,22,110,34,52,Unsafe
31,839,35,20.57,12,76,35,65,Moderate
85,943,65,20.51,195,32,35,44,Unsafe
191,1497,116,19.67,46,48,38,51,Unsafe
163,593,30,19.67,171,74,28,58,Unsafe
115,356,95,19.15,31,85,30,58,Unsafe
82,893,93,20.55,76,90,28,66,Unsafe
105,1132,86,20.23,29,65,29,75,Unsafe
155,1282,36,20.01,183,66,31,69,Unsafe
20,1291,63,19.04,106,91,37,80,Unsafe
87,1429,7,20.51,128,13,27,66,Unsafe
95,735,22,19.13,74,22,38,69,Moderate
20,755,116,20.53,148,97,37,59,Unsafe
24,906,114,19.44,183,21,27,74,Unsafe
183,1271,15,20.59,79,20,26,51,Unsafe
149,882,35,20.4,132,49,34,44,Unsafe
22,1098,35,20.77,128,61,33,46,Unsafe
77,1244,115,19.55,116,91,26,62,Unsafe
44,1243,95,20.93,41,104,32,56,Unsafe
184,604,50,20.01,14,80,31,65,Unsafe
72,1452,40,20.29,192,63,34,51,Unsafe
150,350,86,19.2,194,85,33,75,Unsafe
86,643,94,19.47,119,41,39,41,Unsafe
60,841,94,20.01,55,62,25,77,Unsafe
160,1190,85,19.86,192,72,36,79,Unsafe
168,972,27,20.23,199,139,29,80,Unsafe
88,412,80,19.95,63,18,31,41,Unsafe
124,1169,62,19.71,7,94,28,54,Unsafe
174,778,81,19.74,21,98,27,68,Unsafe
130,991,61,19.12,7,63,25,41,Unsafe
70,1190,21,20.59,103,9,32,50,Unsafe
45,1271,32,20.49,115,101,26,65,Unsafe
85,1117,110,19.99,103,127,35,72,Unsafe
57,1246,21,20.01,79,103,28,50,Unsafe
46,1210,62,19.06,25,122,39,44,Unsafe
122,939,120,20.24,138,110,35,71,Unsafe
151,859,90,19.48,12,82,39,49,Unsafe
103,1286,71,19.45,32,78,40,80,Unsafe
140,991,31,19.01,55,112,40,77,Unsafe
78,473,75,20.82,172,11,33,62,Unsafe
143,953,75,19.79,104,134,37,75,Unsafe
66,728,39,20.79,95,51,39,59,Moderate
150,793,92,20.0,199,41,32,42,Unsafe
121,1373,7,20.51,156,49,34,54,Unsafe
197,1475,99,19.63,77,54,39,70,Unsafe
116,356,5,19.28,194,100,26,78,Moderate
145,875,38,19.88,94,17,29,44,Unsafe
63,1388,59,19.68,83,43,40,67,Unsafe
120,1086,29,19.42,72,145,27,80,Unsafe
199,1231,53,20.41,32,139,31,60,Unsafe
75,831,118,20.76,141,27,36,68,Unsafe
83,1356,34,19.12,43,140,25,80,Unsafe
60,1011,92,20.06,129,32,28,58,Unsafe
186,1036,8,20.43,51,32,38,54,Unsafe
130,1191,22,19.03,37,37,28,70,Unsafe
178,803,92,19.9,78,93,36,78,Unsafe
123,1174,119,19.65,40,87,33,52,Unsafe
167,505,96,20.63,49,25,34,50,Unsafe
72,1093,72,20.77,21,149,32,74,Unsafe
132,640,94,20.34,159,78,30,41,Unsafe
24,988,96,19.04,197,145,32,65,Unsafe
46,1010,82,20.82,22,8,28,61,Unsafe
26,1138,80,19.36,189,13,26,46,Unsafe
194,594,56,20.99,25,47,28,63,Unsafe
166,1484,53,20.02,17,148,27,74,Unsafe
139,1112,118,19.45,158,21,29,49,Unsafe
101,670,23,20.3,63,50,33,71,Moderate
115,924,70,19.71,51,40,37,71,Unsafe
169,499,98,19.03,193,63,30,75,Unsafe
166,1368,105,19.59,118,112,32,43,Unsafe
68,1230,12,19.22,160,23,34,47,Unsafe
39,858,25,19.26,193,32,34,51,Moderate
129,450,38,20.75,172,48,36,60,Unsafe
107,1261,96,20.77,18,132,37,78,Unsafe
33,616,83,20.69,97,108,31,77,Unsafe
84,639,56,19.33,13,117,38,47,Moderate
194,635,115,19.97,21,136,39,61,Unsafe
41,458,28,20.55,11,72,27,61,Moderate
55,1080,43,19.46,70,79,30,79,Unsafe
174,1399,117,19.25,154,81,32,75,Unsafe
128,951,14,19.18,76,45,39,56,Unsafe
133,582,20,19.17,125,45,32,66,Unsafe
33,1179,36,20.6,194,148,28,54,Unsafe
72,974,57,20.97,173,118,30,52,Moderate
182,1247,8,19.25,112,63,28,68,Unsafe
196,669,60,19.9,80,74,35,54,Unsafe
81,362,48,20.01,85,129,32,60,Moderate
168,809,29,19.98,161,6,26,65,Unsafe
21,760,101,20.98,68,87,25,43,Unsafe
122,920,81,19.11,26,130,25,54,Unsafe
57,1395,23,20.7,59,47,34,67,Unsafe
156,865,70,20.8,125,52,38,80,Unsafe
140,675,101,20.9,78,120,25,65,Unsafe
34,593,39,20.13,155,142,35,41,Moderate
126,561,25,19.33,135,12,27,56,Unsafe
31,744,9,20.29,172,84,33,47,Moderate
160,1268,26,19.18,122,58,27,55,Unsafe
25,443,31,20.49,27,59,38,46,Moderate
61,899,25,19.19,48,62,28,78,Moderate
158,1129,21,20.46,190,58,33,66,Unsafe
102,773,30,19.81,5,35,26,45,Moderate
98,1393,87,19.98,39,113,31,80,Unsafe
134,829,113,20.64,107,82,40,49,Unsafe
146,357,44,19.94,25,41,33,55,Unsafe
139,397,50,19.42,9,124,31,66,Unsafe
173,412,64,19.5,149,37,26,54,Unsafe
154,738,113,19.59,31,67,34,72,Unsafe
119,680,41,20.23,71,111,33,62,Moderate
121,592,31,20.35,118,110,25,54,Unsafe
87,1168,109,19.9,58,97,37,64,Unsafe
49,476,77,19.55,108,89,30,51,Unsafe
150,1178,35,19.08,141,16,39,77,Unsafe
126,468,57,20.71,64,115,34,77,Unsafe
100,594,68,19.22,133,40,31,69,Unsafe
34,781,115,19.42,22,30,33,67,Unsafe
102,1211,35,19.2,32,70,39,80,Unsafe
62,718,10,20.77,19,63,32,59,Moderate
106,1395,116,20.86,106,149,34,51,Unsafe
170,1382,79,20.1,19,21,38,72,Unsafe
87,952,8,19.35,60,138,37,60,Moderate
150,934,81,19.84,104,71,40,41,Unsafe
31,1061,29,20.01,161,107,38,80,Unsafe
198,1085,116,19.18,48,50,34,57,Unsafe
166,897,100,19.53,22,138,39,53,Unsafe
108,1366,90,20.97,84,129,36,62,Unsafe
72,1231,109,19.56,28,96,32,68,Unsafe
91,1433,68,19.64,121,12,38,48,Unsafe
93,402,12,20.46,138,97,32,77,Moderate
151,782,107,20.75,155,118,39,55,Unsafe
123,907,33,19.99,105,38,30,59,Unsafe
139,1225,32,19.01,108,19,37,52,Unsafe
139,751,91,19.94,29,32,36,71,Unsafe
191,722,44,20.06,14,59,32,43,Unsafe
129,1154,14,20.4,45,101,26,54,Unsafe
193,350,96,20.52,160,141,29,54,Unsafe
113,1373,95,20.47,187,125,29,45,Unsafe
86,469,45,19.33,160,37,28,45,Moderate
30,763,40,19.18,186,126,25,78,Moderate
35,409,101,19.79,80,147,33,53,Unsafe
124,877,12,19.7,90,126,27,43,Unsafe
136,395,38,19.9,72,134,36,56,Unsafe
134,948,33,19.43,69,29,28,63,Unsafe
108,604,5,20.41,107,101,39,75,Moderate
21,948,49,20.26,106,113,37,73,Moderate
191,1268,61,20.57,140,27,38,76,Unsafe
75,1036,97,19.66,50,40,31,47,Unsafe
106,541,18,20.34,169,98,35,58,Moderate
186,601,12,19.91,16,55,37,59,Unsafe
66,1108,8,20.58,133,66,37,40,Unsafe
81,401,38,20.8,186,121,40,75,Moderate
170,1134,16,20.82,34,18,34,57,Unsafe
85,1051,57,20.15,71,33,33,57,Unsafe
194,513,65,20.26,91,117,37,63,Unsafe
157,1350,108,20.75,138,80,29,62,Unsafe
64,636,90,20.83,134,28,25,60,Unsafe
34,919,58,20.89,141,120,38,66,Moderate
154,1442,62,19.1,14,68,31,61,Unsafe
60,817,99,20.08,120,53,29,61,Unsafe
162,640,106,19.77,137,88,25,53,Unsafe
52,1009,117,20.89,121,103,40,40,Unsafe
59,532,103,19.61,139,75,26,44,Unsafe
44,479,20,19.02,155,83,34,65,Moderate
135,1102,14,20.97,67,138,35,73,Unsafe
37,913,87,19.41,105,84,25,43,Unsafe
114,1047,63,19.4,75,66,27,54,Unsafe
76,1166,80,20.06,10,52,30,73,Unsafe
168,811,35,19.93,32,121,32,73,Unsafe
76,904,38,19.64,180,82,27,80,Moderate
105,974,38,20.0,101,18,28,77,Moderate
95,1337,31,19.15,94,86,29,74,Unsafe
81,688,93,20.21,102,91,26,63,Unsafe
145,1107,17,20.16,167,10,38,42,Unsafe
20,1436,6,20.55,121,134,40,51,Unsafe
51,1318,58,19.84,190,121,35,69,Unsafe
98,1467,23,19.68,104,33,28,80,Unsafe
70,1265,48,20.42,158,100,39,68,Unsafe
159,1471,73,20.12,165,45,34,79,Unsafe
76,702,115,20.18,63,19,28,71,Unsafe
52,1382,110,20.52,65,140,31,66,Unsafe
52,486,64,20.83,177,12,32,42,Unsafe
137,1199,57,19.19,43,87,35,70,Unsafe
98,1437,112,20.62,75,107,37,57,Unsafe
180,1173,77,20.49,92,25,37,65,Unsafe
50,1000,107,19.09,106,29,36,55,Unsafe
63,1436,110,19.37,58,75,39,56,Unsafe
26,1278,100,20.8,47,22,33,61,Unsafe
124,350,28,20.38,101,22,37,41,Unsafe
36,1277,77,19.67,142,12,36,64,Unsafe
73,1495,63,19.95,165,57,29,68,Unsafe
158,1189,18,19.68,147,44,37,67,Unsafe
120,1393,9,20.06,58,131,32,52,Unsafe
90,534,64,19.52,104,28,30,60,Unsafe
90,1402,31,20.58,90,139,31,67,Unsafe
192,853,80,20.19,61,66,26,64,Unsafe
184,662,64,20.31,166,19,28,66,Unsafe
54,1221,112,20.73,131,13,25,68,Unsafe
31,611,99,19.86,146,127,25,43,Unsafe
78,1087,55,19.22,17,107,39,58,Unsafe
82,1280,92,19.12,153,24,25,53,Unsafe
26,565,19,20.67,139,13,30,46,Moderate
199,816,37,20.58,169,129,39,65,Unsafe
192,742,86,20.53,66,59,36,64,Unsafe
117,409,102,20.39,101,95,26,63,Unsafe
71,666,49,20.52,97,35,29,67,Moderate
128,999,67,19.96,24,115,30,61,Unsafe
170,1088,71,19.84,80,47,35,58,Unsafe
80,728,99,20.21,45,128,39,63,Unsafe
79,1349,71,19.46,171,77,30,67,Unsafe
196,1405,104,19.82,14,142,34,56,Unsafe
112,781,57,19.23,153,122,33,79,Moderate
112,660,13,19.48,185,127,31,75,Moderate
176,464,115,20.48,108,57,35,80,Unsafe
129,985,23,19.88,151,35,26,69,Unsafe
117,463,39,20.15,28,104,28,47,Moderate
75,1352,79,20.75,13,7,32,50,Unsafe
193,511,35,20.17,96,73,36,40,Unsafe
149,1187,87,19.53,93,38,32,45,Unsafe
33,1142,16,20.42,176,71,34,72,Unsafe
193,727,29,20.87,31,5,34,47,Unsafe
65,1473,110,20.72,63,25,31,42,Unsafe
42,870,75,19.88,154,70,30,45,Unsafe
69,964,14,19.5,157,140,32,54,Moderate
80,1082,36,20.35,34,17,28,50,Unsafe
98,1265,45,20.07,42,83,36,79,Unsafe
172,496,36,20.19,123,135,31,59,Unsafe
62,1324,85,19.95,33,103,34,67,Unsafe
89,542,85,20.49,86,118,27,61,Unsafe
48,1439,53,19.4,111,43,33,61,Unsafe
60,995,7,20.69,200,132,38,75,Moderate
185,1128,107,20.73,94,94,30,52,Unsafe
190,983,55,20.82,129,59,30,51,Unsafe
76,883,41,20.45,179,148,30,51,Moderate
66,1243,86,19.86,30,62,40,64,Unsafe
78,1049,112,19.93,149,122,27,63,Unsafe
27,814,67,20.61,25,70,37,59,Unsafe
25,686,103,19.53,122,16,25,44,Unsafe
140,1463,111,19.29,191,41,36,46,Unsafe
67,976,51,19.05,158,26,33,41,Moderate
141,410,21,19.81,143,26,40,49,Unsafe
27,1303,10,20.85,31,37,25,42,Unsafe
140,866,70,20.85,117,68,39,50,Unsafe
119,1342,87,20.75,149,145,33,52,Unsafe
97,1171,45,19.08,39,147,37,49,Unsafe
167,882,50,19.94,141,108,36,68,Unsafe
83,356,9,19.27,177,22,38,79,Moderate
36,1467,15,20.08,123,33,39,56,Unsafe
168,1448,62,19.54,74,124,31,78,Unsafe
25,373,24,19.05,64,8,35,53,Moderate
69,1450,113,20.97,176,132,35,67,Unsafe
84,652,36,20.28,178,109,26,54,Moderate
73,1284,79,19.71,77,107,33,47,Unsafe
116,444,27,19.47,55,106,25,47,Moderate
120,1258,35,19.45,44,113,36,52,Unsafe
188,1407,106,19.89,141,117,32,59,Unsafe
191,997,68,19.01,8,42,26,59,Unsafe
118,705,6,20.62,176,120,32,59,Moderate
156,672,69,20.51,130,139,30,59,Unsafe
85,474,108,19.84,137,123,32,67,Unsafe
31,589,78,19.53,153,85,32,71,Unsafe
160,636,58,19.11,107,56,36,74,Unsafe
200,746,48,20.51,126,19,36,48,Unsafe
98,356,67,20.25,25,70,35,70,Unsafe
163,1001,16,20.71,84,65,25,59,Unsafe
20,412,8,19.31,62,70,32,60,Moderate
62,617,117,20.09,146,127,32,45,Unsafe
49,406,6,19.69,118,79,35,49,Moderate
166,449,112,19.3,112,35,27,55,Unsafe
179,1427,9,19.54,107,69,26,63,Unsafe
163,1425,39,19.68,155,118,30,48,Unsafe
148,1092,39,20.01,143,135,26,63,Unsafe
93,954,118,19.81,35,121,29,72,Unsafe
23,1063,116,20.59,35,46,29,60,Unsafe
96,1154,15,20.26,31,19,40,78,Unsafe
182,1295,48,20.0,109,5,35,48,Unsafe
52,671,72,19.89,149,25,31,46,Unsafe
102,619,36,20.75,168,60,33,76,Moderate
133,1427,52,20.53,75,126,38,56,Unsafe
26,693,40,20.76,26,31,29,54,Moderate
54,1174,15,19.43,83,63,29,72,Unsafe
97,671,69,19.93,116,76,40,54,Unsafe
114,801,24,20.19,35,117,30,54,Moderate
33,934,33,20.99,178,42,28,63,Moderate
165,390,43,20.9,124,81,39,79,Unsafe
69,851,83,19.83,74,20,33,68,Unsafe
172,609,25,19.87,70,52,34,80,Unsafe
146,727,24,20.22,26,99,28,67,Unsafe
121,989,91,19.38,30,20,26,67,Unsafe
170,351,98,20.44,153,99,26,74,Unsafe
120,1082,94,19.73,18,108,34,48,Unsafe
135,1070,104,19.9,88,82,29,51,Unsafe
103,1158,51,19.68,97,111,32,52,Unsafe
130,372,99,19.76,133,25,35,76,Unsafe
121,822,87,20.21,189,117,31,67,Unsafe
23,1290,119,20.23,49,115,36,63,Unsafe
91,522,107,20.64,70,95,28,47,Unsafe
107,1257,61,20.02,121,55,28,48,Unsafe
116,1444,53,19.99,140,31,33,77,Unsafe
200,644,102,20.07,59,128,31,47,Unsafe
164,845,100,20.9,158,129,33,60,Unsafe
146,1373,24,19.34,143,101,36,51,Unsafe
77,1435,7,19.78,189,25,25,71,Unsafe
164,1273,76,19.63,32,114,40,49,Unsafe
103,840,66,20.41,37,91,35,56,Unsafe
81,1429,120,20.11,127,130,36,75,Unsafe
138,438,98,20.29,87,18,35,43,Unsafe
134,942,66,19.99,124,7,37,66,Unsafe
162,602,54,19.23,33,56,36,54,Unsafe
139,1136,48,20.63,109,50,34,67,Unsafe
131,474,34,20.5,146,88,34,42,Unsafe
141,465,17,20.95,120,89,31,66,Unsafe
135,611,66,20.27,148,96,39,54,Unsafe
141,1307,71,19.04,120,140,31,44,Unsafe
112,553,38,19.68,135,135,32,45,Moderate
62,886,33,20.26,106,91,36,70,Moderate
26,690,55,19.12,54,15,29,64,Moderate
112,679,5,20.1,80,11,36,68,Moderate
91,1422,40,19.09,146,69,38,48,Unsafe
22,600,21,19.72,84,24,36,80,Moderate
108,579,87,19.79,123,8,35,57,Unsafe
69,528,9,20.03,167,117,40,57,Moderate
61,791,80,20.05,83,69,30,54,Unsafe
135,1008,88,19.35,50,24,38,59,Unsafe
100,611,117,20.94,100,131,37,50,Unsafe
34,1167,79,20.37,104,97,40,46,Unsafe
180,1130,62,20.2,188,23,35,67,Unsafe
51,1120,112,19.29,44,91,26,47,Unsafe
62,535,8,20.7,95,135,39,75,Moderate
125,852,80,19.5,68,122,36,42,Unsafe
58,1252,15,19.28,85,21,40,57,Unsafe
120,1269,118,19.59,99,121,40,47,Unsafe
164,812,43,20.94,128,78,27,79,Unsafe
125,448,19,19.6,7,40,34,60,Unsafe
170,355,17,19.2,68,53,34,62,Unsafe
82,1098,48,19.16,157,13,28,49,Unsafe
25,940,89,19.28,31,59,27,55,Unsafe
92,1341,49,20.27,154,86,30,76,Unsafe
39,869,34,19.72,99,70,26,66,Moderate
180,1136,96,20.77,179,43,33,54,Unsafe
90,452,20,19.1,8,146,40,57,Moderate
119,1082,83,20.79,65,111,27,74,Unsafe
159,993,54,19.58,184,108,37,76,Unsafe
107,606,97,19.89,119,91,28,41,Unsafe
93,1224,9,19.93,87,41,38,61,Unsafe
41,685,64,20.51,170,71,34,59,Unsafe
66,839,98,20.19,139,16,32,63,Unsafe
42,618,7,19.5,152,150,38,72,Moderate
29,755,104,19.82,56,133,30,43,Unsafe
72,1237,64,20.55,43,16,33,46,Unsafe
148,1046,117,19.13,34,24,26,80,Unsafe
148,711,15,20.37,177,82,40,80,Unsafe
144,789,62,20.84,126,114,28,75,Unsafe
27,931,44,20.83,104,39,37,58,Moderate
56,571,22,19.42,134,84,38,62,Moderate
119,796,108,20.64,32,47,39,45,Unsafe
86,1197,111,20.62,39,73,35,45,Unsafe
163,1161,90,20.76,18,106,35,62,Unsafe
144,1181,56,19.49,180,86,28,57,Unsafe
177,423,67,20.26,159,20,35,51,Unsafe
57,888,50,20.86,69,86,27,54,Moderate
168,1187,56,19.32,99,91,31,60,Unsafe
88,1261,113,20.49,195,24,32,73,Unsafe
143,1359,85,19.69,75,21,30,54,Unsafe
181,913,45,20.61,52,25,35,57,Unsafe
60,1290,105,19.19,114,45,26,78,Unsafe
37,364,50,20.09,180,47,33,44,Moderate
65,1193,98,20.0,148,5,40,65,Unsafe
165,988,113,19.36,167,51,28,42,Unsafe
137,966,36,19.67,122,46,40,59,Unsafe
72,1079,63,19.45,195,10,31,74,Unsafe
134,1334,100,19.57,111,148,32,47,Unsafe
155,1224,68,19.86,180,104,35,50,Unsafe
140,439,34,19.54,153,72,26,43,Unsafe
22,1017,23,19.05,158,74,39,72,Unsafe
70,1059,78,20.62,160,12,40,41,Unsafe
108,774,51,19.34,94,98,25,53,Moderate
77,846,72,20.48,197,116,25,69,Unsafe
27,905,103,19.01,8,146,31,67,Unsafe
127,975,107,19.57,36,106,27,46,Unsafe
185,526,36,19.95,199,19,30,57,Unsafe
149,1467,24,20.44,31,76,32,75,Unsafe
38,1043,120,19.86,178,107,33,74,Unsafe
141,628,23,20.58,176,74,34,55,Unsafe
103,910,96,19.46,21,24,39,70,Unsafe
198,380,55,20.38,137,107,28,60,Unsafe
98,903,11,19.28,45,51,27,72,Moderate
118,919,46,19.7,22,43,26,53,Moderate
101,986,97,20.7,153,124,39,74,Unsafe
168,1290,110,19.19,136,129,31,50,Unsafe
83,1052,118,20.06,74,114,28,42,Unsafe
113,1017,55,20.77,152,129,25,60,Unsafe
114,1283,40,19.56,48,10,26,57,Unsafe
52,521,11,19.29,159,100,35,71,Moderate
29,382,17,20.76,125,55,30,54,Moderate
185,1052,58,19.55,66,19,38,43,Unsafe
73,355,53,20.83,121,79,35,58,Moderate
110,600,17,20.03,145,58,40,54,Moderate
41,573,100,20.07,20,10,38,76,Unsafe
191,978,37,19.87,183,33,32,78,Unsafe
93,1188,62,20.78,108,36,27,51,Unsafe
200,1154,77,20.85,86,33,37,55,Unsafe
46,821,11,19.31,19,126,29,76,Moderate
48,791,111,20.62,122,64,33,56,Unsafe
21,1269,45,20.4,61,45,29,61,Unsafe
47,1075,62,20.02,140,21,34,77,Unsafe
195,694,47,20.38,156,111,27,59,Unsafe
99,883,43,19.38,167,109,33,49,Moderate
45,627,118,20.0,163,116,25,44,Unsafe
142,1306,18,19.39,150,52,26,79,Unsafe
23,708,56,20.99,179,100,28,43,Moderate
132,415,59,20.46,60,139,25,46,Unsafe
154,1419,15,19.48,91,14,26,77,Unsafe
140,487,90,19.52,180,107,28,76,Unsafe
20,350,34,20.49,156,33,35,58,Moderate
28,1470,118,20.46,36,72,26,43,Unsafe
192,717,62,19.78,68,34,32,75,Unsafe
195,960,51,20.3,29,146,26,71,Unsafe
56,973,19,19.14,198,133,35,43,Moderate
66,885,6,19.63,88,95,25,73,Moderate
81,1213,80,19.25,89,25,30,78,Unsafe
63,950,31,20.03,5,97,34,68,Moderate
79,1145,50,20.66,91,5,32,45,Unsafe
166,361,10,20.13,9,67,39,57,Unsafe
132,1082,84,20.1,78,99,26,48,Unsafe
69,1099,11,20.33,11,131,30,45,Unsafe
200,921,10,19.15,112,110,34,67,Unsafe
104,1031,97,20.41,55,146,40,58,Unsafe
69,1112,62,19.42,108,99,39,45,Unsafe
24,371,77,20.81,126,14,29,55,Unsafe
70,994,96,20.22,96,63,29,48,Unsafe
183,1471,98,20.24,10,84,32,77,Unsafe
154,1383,118,20.99,38,18,28,70,Unsafe
23,1498,91,20.18,122,69,31,72,Unsafe
72,981,97,20.21,13,71,30,49,Unsafe
61,893,55,19.7,174,95,35,72,Moderate
136,542,37,19.23,53,86,36,61,Unsafe
133,457,17,19.63,80,76,40,62,Unsafe
91,1209,43,20.61,174,42,28,50,Unsafe
127,700,84,19.5,148,122,32,59,Unsafe
42,513,68,20.87,94,12,26,72,Unsafe
110,1212,103,20.27,186,88,30,55,Unsafe
159,1290,14,19.58,138,32,25,49,Unsafe
158,860,58,20.36,82,148,25,62,Unsafe
82,863,19,19.1,17,7,28,43,Moderate
128,1205,86,19.53,166,69,33,43,Unsafe
82,437,117,19.9,16,45,27,68,Unsafe
26,1104,106,19.81,165,81,26,50,Unsafe
43,1268,77,20.81,118,78,31,46,Unsafe
149,1151,42,19.58,42,55,25,63,Unsafe
101,1352,71,20.83,45,18,26,62,Unsafe
32,1254,53,20.75,139,89,40,69,Unsafe
172,782,53,20.11,26,58,39,74,Unsafe
38,354,17,19.69,60,72,27,57,Moderate
158,882,27,20.49,116,127,27,72,Unsafe
109,812,11,20.37,77,107,27,51,Moderate
27,1323,83,19.33,29,93,27,60,Unsafe
193,448,26,19.0,39,79,40,67,Unsafe
48,1444,26,19.26,88,70,26,70,Unsafe
60,1238,91,20.85,16,28,39,76,Unsafe
63,433,28,20.13,112,102,35,41,Moderate
100,778,117,19.16,185,21,40,59,Unsafe
189,772,102,20.51,169,139,40,73,Unsafe
69,444,112,19.92,174,39,38,74,Unsafe
112,981,41,19.52,137,112,33,57,Moderate
41,649,19,19.12,31,54,39,55,Moderate
74,1078,113,20.47,79,15,31,55,Unsafe
105,1363,113,19.43,163,122,32,80,Unsafe
184,1417,19,20.14,60,51,28,59,Unsafe
95,1164,14,19.57,103,128,27,43,Unsafe
179,504,31,19.93,110,43,39,65,Unsafe
27,828,69,19.57,129,5,35,78,Unsafe
115,909,120,19.58,49,96,39,51,Unsafe
108,775,10,20.21,162,72,35,72,Moderate
185,623,103,20.27,195,101,32,50,Unsafe
40,490,64,19.78,67,7,28,79,Unsafe
104,395,113,19.92,190,55,32,74,Unsafe
100,1391,39,20.66,114,150,27,78,Unsafe
84,1266,85,20.18,131,103,25,51,Unsafe
103,626,95,20.26,143,145,29,66,Unsafe
72,409,48,20.32,19,12,38,79,Moderate
144,906,55,20.71,132,82,26,73,Unsafe
133,593,94,20.3,43,47,29,54,Unsafe
57,1484,15,20.7,137,139,28,75,Unsafe
187,560,94,20.71,173,6,31,54,Unsafe
108,644,104,19.1,52,112,27,71,Unsafe
25,1241,75,20.77,172,63,25,72,Unsafe
104,1242,76,19.65,95,15,35,77,Unsafe
158,1098,20,20.85,147,44,30,42,Unsafe
173,736,86,20.04,42,112,38,71,Unsafe
101,962,79,20.6,143,38,36,68,Unsafe
25,377,25,19.75,48,14,37,65,Moderate
85,625,61,20.32,78,138,40,51,Unsafe
171,693,65,19.56,48,45,28,44,Unsafe
29,610,114,20.85,119,52,38,64,Unsafe
153,647,51,20.56,178,6,26,78,Unsafe
160,1382,48,19.98,139,119,40,74,Unsafe
55,1363,97,20.13,120,99,35,62,Unsafe
155,1339,75,19.33,85,49,40,74,Unsafe
188,1444,82,20.99,12,122,25,65,Unsafe
56,407,93,20.75,11,53,36,66,Unsafe
97,602,22,19.21,173,65,34,70,Moderate
109,1407,91,20.25,24,129,38,41,Unsafe
95,1424,116,19.41,148,128,29,55,Unsafe
139,401,13,19.12,157,140,38,58,Unsafe
136,1287,91,20.61,126,133,30,58,Unsafe
166,1000,101,20.08,194,35,40,65,Unsafe
144,1113,8,20.09,46,142,39,46,Unsafe
69,1222,113,20.8,191,24,25,47,Unsafe
105,743,94,19.26,68,56,25,75,Unsafe
92,1435,49,20.78,45,102,36,52,Unsafe
177,963,68,19.41,71,27,25,48,Unsafe
176,889,64,19.64,120,121,37,68,Unsafe
173,1334,67,20.28,173,149,38,49,Unsafe
55,885,61,19.48,147,10,30,77,Unsafe
195,391,26,19.19,175,29,36,80,Unsafe
166,1045,10,20.22,21,87,28,66,Unsafe
28,564,68,20.71,38,24,37,80,Unsafe
43,1340,96,20.5,33,122,34,68,Unsafe
187,1368,66,19.71,148,44,32,65,Unsafe
165,933,30,20.67,181,79,29,63,Unsafe
200,1471,112,19.54,164,68,35,42,Unsafe
192,1326,62,19.08,31,99,28,59,Unsafe
139,817,30,19.7,183,121,38,58,Unsafe
68,379,110,20.64,10,100,31,63,Unsafe
98,352,119,19.78,77,60,28,79,Unsafe
126,1033,11,20.96,75,63,25,77,Unsafe
82,558,24,19.83,179,33,39,66,Moderate
148,764,45,20.25,156,136,34,68,Unsafe
155,1485,40,19.67,151,97,37,55,Unsafe
176,1261,104,19.58,108,142,26,56,Unsafe
90,895,30,19.57,84,78,29,70,Moderate
129,1407,95,19.45,151,146,36,73,Unsafe
39,1178,16,20.49,113,80,35,70,Unsafe
123,474,113,20.42,57,25,31,46,Unsafe
48,392,86,19.02,105,126,39,70,Unsafe
175,681,116,20.57,171,144,35,53,Unsafe
68,917,33,19.18,76,61,33,45,Moderate
102,992,66,20.96,28,119,31,54,Unsafe
86,473,7,19.52,166,140,33,75,Moderate
34,551,111,19.85,20,52,33,61,Unsafe
143,441,14,19.86,63,53,39,64,Unsafe
42,508,68,19.81,11,7,38,54,Unsafe
114,508,112,19.18,143,126,39,50,Unsafe
138,1406,119,19.14,88,45,36,78,Unsafe
176,751,98,20.47,153,12,31,65,Unsafe
155,1230,115,19.38,49,70,28,77,Unsafe
127,958,37,20.22,155,101,36,70,Unsafe
184,1172,19,19.66,72,5,32,58,Unsafe
128,585,71,20.25,86,130,28,47,Unsafe
112,888,75,20.82,124,17,28,70,Unsafe
44,510,34,20.12,110,81,33,57,Moderate
45,350,36,20.29,181,121,29,50,Moderate
45,1295,38,20.63,173,22,38,76,Unsafe
89,893,50,19.9,139,46,40,72,Moderate
81,721,88,19.02,122,146,32,78,Unsafe
64,1131,10,20.42,177,39,37,42,Unsafe
197,1168,73,20.32,108,63,32,55,Unsafe
74,1276,112,20.98,199,131,30,54,Unsafe
94,356,44,20.86,7,150,31,48,Moderate
50,1482,105,19.15,48,30,27,75,Unsafe
67,1158,24,20.8,160,17,37,56,Unsafe
55,1441,15,20.72,31,68,37,73,Unsafe
71,1152,19,20.62,11,76,33,51,Unsafe
142,946,30,20.36,99,103,28,52,Unsafe
148,1383,62,19.74,169,130,30,45,Unsafe
137,1424,87,20.19,177,21,34,66,Unsafe
55,441,53,19.02,171,45,39,50,Moderate
73,813,80,20.14,122,20,39,73,Unsafe
46,850,55,19.12,192,70,38,51,Moderate
121,672,46,19.29,33,5,37,54,Unsafe
129,539,23,20.11,37,44,35,56,Unsafe
70,633,17,20.12,14,73,31,56,Moderate
79,450,81,19.53,17,119,29,68,Unsafe
74,623,12,19.08,192,101,35,55,Moderate
115,554,59,19.19,24,94,39,77,Moderate
119,453,32,19.51,22,55,33,64,Moderate
23,1070,76,20.97,5,71,28,41,Unsafe
63,1413,94,20.08,143,36,40,48,Unsafe
119,1372,9,19.05,140,27,35,51,Unsafe
70,890,56,19.48,139,71,35,76,Moderate
59,552,50,19.8,21,110,25,45,Moderate
40,1427,63,20.66,151,115,37,79,Unsafe
71,1120,119,20.6,43,126,35,66,Unsafe
108,549,83,19.87,102,81,28,42,Unsafe
171,1124,65,20.77,66,68,35,54,Unsafe
150,751,12,20.03,72,24,38,73,Unsafe
107,1348,114,19.16,154,135,32,67,Unsafe
163,1362,14,20.61,57,49,40,80,Unsafe
118,1482,67,20.56,91,111,27,69,Unsafe
25,1307,70,20.95,61,49,38,64,Unsafe
126,772,98,20.49,39,66,36,42,Unsafe
142,1353,115,19.01,199,10,39,40,Unsafe
94,1373,37,19.58,7,57,31,67,Unsafe
188,842,60,19.71,184,12,36,65,Unsafe
148,417,103,19.31,146,120,39,53,Unsafe
47,406,25,20.5,162,14,37,48,Moderate
72,741,35,20.36,188,50,29,55,Moderate
116,948,40,20.22,189,61,36,52,Moderate
143,1022,63,20.64,9,38,40,48,Unsafe
36,799,15,19.57,165,54,32,40,Moderate
38,1293,69,20.84,179,39,25,59,Unsafe
171,751,36,19.89,93,16,36,63,Unsafe
20,1172,75,20.53,51,16,35,73,Unsafe
63,1323,25,19.25,157,140,33,71,Unsafe
53,489,55,20.9,79,59,38,75,Moderate
107,1190,62,19.86,141,96,39,61,Unsafe
28,756,108,19.56,13,127,26,57,Unsafe
97,1338,22,20.69,133,31,40,78,Unsafe
47,1386,92,20.59,75,9,26,80,Unsafe
125,1043,39,20.38,143,59,26,61,Unsafe
26,1096,61,19.99,31,49,36,49,Unsafe
186,435,27,20.06,191,142,28,53,Unsafe
112,694,31,19.96,119,26,25,54,Moderate
29,1139,16,19.28,176,111,36,77,Unsafe
40,415,65,20.26,77,41,31,44,Unsafe
79,711,112,19.23,50,39,27,45,Unsafe
80,371,11,20.31,177,55,31,76,Moderate
89,909,15,20.82,57,10,31,46,Moderate
139,743,18,19.35,63,97,38,41,Unsafe
175,369,65,20.39,135,131,37,50,Unsafe
20,1475,109,19.75,68,19,31,70,Unsafe
126,438,113,19.53,50,139,26,59,Unsafe
160,1251,71,19.6,33,10,29,56,Unsafe
27,529,8,20.77,164,124,29,59,Moderate
74,986,20,19.85,42,124,31,63,Moderate
76,1153,88,19.66,98,141,28,45,Unsafe
55,841,96,20.94,197,119,38,61,Unsafe
147,437,120,20.59,31,74,26,54,Unsafe
191,703,120,20.65,97,34,39,43,Unsafe
176,905,36,20.97,134,106,40,75,Unsafe
36,451,63,19.32,105,37,25,80,Unsafe
196,755,50,19.05,59,53,27,55,Unsafe
167,411,5,19.06,199,145,35,75,Unsafe
122,673,22,20.1,107,93,32,65,Unsafe
198,364,9,20.31,172,15,32,54,Unsafe
64,873,74,20.16,53,70,30,64,Unsafe
55,1028,109,19.96,193,117,32,64,Unsafe
73,1015,13,19.34,74,133,27,67,Unsafe
78,1244,48,20.51,16,43,33,52,Unsafe
179,614,114,20.75,126,61,36,46,Unsafe
21,1078,22,19.16,166,33,28,67,Unsafe
149,1443,34,20.93,27,109,31,46,Unsafe
105,688,22,19.76,112,63,30,55,Moderate
102,1363,50,19.74,135,13,29,50,Unsafe
163,1024,88,19.12,142,92,38,59,Unsafe
36,695,69,20.66,110,35,35,75,Unsafe
199,773,29,19.4,49,112,29,67,Unsafe
100,897,42,20.08,83,78,25,48,Moderate
28,755,21,20.37,187,95,36,41,Moderate
128,660,40,19.79,106,80,40,42,Unsafe
114,580,28,19.5,98,50,34,47,Moderate
171,1141,11,20.65,65,87,34,63,Unsafe
20,870,18,19.61,25,39,39,79,Moderate
73,817,96,19.55,77,9,27,57,Unsafe
54,383,75,20.01,94,108,32,42,Unsafe
64,400,31,19.26,154,110,25,78,Moderate
197,836,90,19.09,115,110,32,74,Unsafe
75,483,15,20.21,163,66,31,71,Moderate
123,922,81,19.39,126,81,35,49,Unsafe
39,1487,40,20.39,132,108,34,64,Unsafe
94,1265,14,20.19,8,85,30,42,Unsafe
185,993,32,20.3,25,11,40,77,Unsafe
141,1379,74,20.92,108,20,34,57,Unsafe
68,908,82,19.12,49,109,39,61,Unsafe
181,699,10,20.76,47,132,30,47,Unsafe
172,1266,71,19.83,154,13,31,40,Unsafe
42,1162,53,19.46,93,149,35,71,Unsafe
30,1274,69,19.65,53,148,28,64,Unsafe
54,866,84,19.09,47,20,29,40,Unsafe
128,644,53,20.45,199,23,32,63,Unsafe
50,418,73,20.79,125,64,38,44,Unsafe
195,1141,63,20.59,14,146,32,49,Unsafe
22,602,83,19.7,32,19,37,70,Unsafe
20,493,103,19.55,95,22,25,66,Unsafe
75,406,65,19.49,136,32,27,74,Unsafe
54,389,26,19.48,77,62,29,45,Moderate
125,997,107,20.16,84,54,30,69,Unsafe
92,377,97,20.49,29,147,37,71,Unsafe
154,511,53,20.5,179,106,29,62,Unsafe
197,969,105,19.63,49,56,32,57,Unsafe
92,1045,87,20.17,82,48,31,45,Unsafe
82,480,79,20.54,143,114,39,53,Unsafe
69,917,36,19.66,140,70,34,78,Moderate
101,429,119,20.0,108,131,38,72,Unsafe
116,996,73,19.55,110,46,32,51,Unsafe
177,896,35,19.77,51,66,40,69,Unsafe
123,1215,30,19.92,33,59,37,72,Unsafe
177,1087,95,19.81,38,90,25,63,Unsafe
71,1404,85,20.73,71,75,37,51,Unsafe
91,1121,9,19.94,15,83,35,78,Unsafe
74,1136,72,20.38,133,110,38,75,Unsafe
23,754,41,19.88,12,81,27,70,Moderate
190,1414,5,19.68,7,46,36,59,Unsafe
103,513,118,20.59,119,142,30,51,Unsafe
124,1181,92,19.8,167,7,31,40,Unsafe
144,443,78,19.95,90,76,25,71,Unsafe
90,1048,6,19.71,144,9,32,66,Unsafe
145,352,30,19.87,195,7,26,79,Unsafe
181,892,108,20.27,187,146,25,72,Unsafe
66,414,74,20.38,167,118,30,78,Unsafe
103,616,89,20.76,30,28,26,48,Unsafe
168,1367,55,19.76,24,33,32,56,Unsafe
196,1280,72,19.91,155,53,40,70,Unsafe
68,1356,15,19.03,162,91,25,46,Unsafe
150,776,85,20.04,14,58,38,69,Unsafe
120,688,70,20.4,153,57,31,69,Unsafe
135,1364,38,19.62,9,98,32,47,Unsafe
108,951,14,19.18,48,97,38,55,Moderate
180,1002,103,19.53,160,15,39,53,Unsafe
178,818,45,20.69,68,64,38,44,Unsafe
106,828,55,19.66,180,123,30,60,Moderate
131,957,111,19.68,120,128,40,71,Unsafe
66,514,52,19.69,179,100,40,47,Moderate
62,741,91,20.87,187,126,33,62,Unsafe
66,458,21,19.92,174,140,31,80,Moderate
196,845,18,20.62,100,67,39,79,Unsafe
64,1342,41,19.36,121,73,37,54,Unsafe
113,475,49,19.09,94,119,32,51,Moderate
84,708,43,20.98,118,21,36,40,Moderate
122,740,63,20.74,11,10,33,64,Unsafe
109,1347,91,20.8,145,42,34,80,Unsafe
81,477,94,20.47,62,150,27,61,Unsafe
89,614,73,20.99,140,127,38,72,Unsafe
78,586,40,19.36,103,103,26,79,Moderate
45,1204,51,20.58,68,20,27,47,Unsafe
79,1497,39,20.72,122,89,38,63,Unsafe
55,1401,105,20.11,54,69,29,72,Unsafe
199,1315,23,19.84,85,35,36,47,Unsafe
81,1176,70,19.67,37,118,38,53,Unsafe
67,1256,80,19.55,44,29,36,40,Unsafe
30,1237,65,19.25,48,53,32,50,Unsafe
75,1253,42,20.93,123,43,29,49,Unsafe
51,1119,79,20.42,51,59,32,75,Unsafe
51,1145,36,20.37,179,80,34,73,Unsafe
106,422,9,20.19,38,96,27,63,Moderate
109,1275,57,20.18,153,124,40,48,Unsafe
29,1079,39,19.17,105,80,40,75,Unsafe
74,559,13,20.41,174,20,28,76,Moderate
99,622,9,19.22,181,119,39,79,Moderate
67,594,83,20.48,16,10,32,67,Unsafe
30,978,37,19.71,26,149,40,61,Moderate
188,1056,26,20.79,133,32,28,74,Unsafe
43,488,84,19.88,171,88,30,62,Unsafe
92,1220,94,19.57,156,37,28,55,Unsafe
67,799,100,21.0,109,12,28,61,Unsafe
58,625,93,19.17,186,38,39,44,Unsafe
138,682,78,20.59,60,19,29,52,Unsafe
25,1172,45,19.18,110,38,28,76,Unsafe
171,1346,70,19.97,112,101,36,75,Unsafe
114,1314,32,19.61,152,42,25,41,Unsafe
139,1080,46,19.1,24,96,26,76,Unsafe
79,375,30,19.44,195,12,37,45,Moderate
128,874,111,20.49,158,43,37,48,Unsafe
45,1090,64,20.75,34,32,32,71,Unsafe
154,753,105,19.4,96,89,40,51,Unsafe
96,983,44,19.55,198,82,32,51,Moderate
186,625,34,19.29,148,28,36,62,Unsafe
90,1170,76,20.45,188,74,30,63,Unsafe
81,1289,10,20.97,128,121,28,52,Unsafe
40,705,79,19.23,86,49,34,46,Unsafe
182,669,118,19.48,20,130,40,40,Unsafe
91,1169,32,20.81,89,48,37,66,Unsafe
126,806,108,20.88,83,146,40,67,Unsafe
158,998,114,20.24,10,91,38,78,Unsafe
116,799,117,19.58,147,149,31,44,Unsafe
130,366,6,19.14,101,49,38,43,Unsafe
87,1444,35,20.06,188,13,39,66,Unsafe
104,476,95,19.61,172,88,38,57,Unsafe
22,854,88,19.91,7,118,36,59,Unsafe
188,1026,25,20.14,91,72,36,69,Unsafe
99,1002,29,20.88,169,99,35,59,Unsafe
173,743,68,20.36,63,124,26,79,Unsafe
171,922,65,19.52,79,86,34,66,Unsafe
139,737,119,20.03,162,5,36,54,Unsafe
181,1105,91,19.45,76,52,26,54,Unsafe
126,796,20,20.84,72,146,26,59,Unsafe
189,1138,66,20.44,14,93,32,49,Unsafe
73,864,89,20.82,97,33,26,43,Unsafe
193,1440,110,19.82,7,68,35,77,Unsafe
121,665,106,19.44,72,31,30,56,Unsafe
29,848,43,20.05,15,129,39,44,Moderate
48,453,54,20.77,149,133,26,80,Moderate
92,541,101,20.28,134,96,28,54,Unsafe
195,543,30,20.43,96,110,39,79,Unsafe
121,1072,55,20.45,190,10,26,49,Unsafe
179,362,26,19.98,104,91,27,49,Unsafe
114,959,120,20.98,147,14,32,40,Unsafe
141,1413,90,19.52,118,94,34,67,Unsafe
152,1226,88,20.87,187,100,29,77,Unsafe
51,446,59,20.95,127,72,36,73,Moderate
149,1014,67,19.56,148,96,30,68,Unsafe
79,840,72,20.03,39,14,34,48,Unsafe
183,925,111,20.19,33,129,36,60,Unsafe
126,605,41,19.12,168,51,30,58,Unsafe
108,596,80,19.9,15,8,28,62,Unsafe
78,439,64,19.6,20,126,32,69,Unsafe
179,1498,92,19.55,25,117,26,46,Unsafe
188,1223,85,20.01,31,10,28,65,Unsafe
194,1227,60,19.49,123,143,37,74,Unsafe
180,1117,89,19.9,28,6,25,74,Unsafe
63,1248,41,20.86,107,84,39,66,Unsafe
143,398,44,19.92,59,29,25,65,Unsafe
98,504,35,20.7,110,42,40,78,Moderate
166,817,26,19.47,60,29,27,51,Unsafe
61,1096,77,20.91,110,146,37,75,Unsafe
83,774,101,20.35,120,136,33,44,Unsafe
105,877,56,19.81,147,81,36,56,Moderate
46,1135,35,20.63,169,126,29,56,Unsafe
152,614,9,19.76,76,103,33,46,Unsafe
121,378,43,20.95,194,55,25,60,Unsafe
132,1275,5,20.97,150,68,28,79,Unsafe
98,632,83,19.4,96,109,28,44,Unsafe
194,1116,49,20.03,125,108,30,62,Unsafe
117,1345,14,20.27,200,65,29,51,Unsafe
74,1105,30,19.78,86,52,25,80,Unsafe
47,445,49,19.37,80,79,38,70,Moderate
44,1493,60,20.0,32,138,34,41,Unsafe
158,1196,67,20.55,11,119,32,42,Unsafe
169,1249,5,19.93,189,31,30,73,Unsafe
187,1217,95,19.5,163,29,29,79,Unsafe
137,906,15,20.39,111,130,25,63,Unsafe
148,940,99,20.24,100,92,25,46,Unsafe
29,1329,55,19.97,97,59,27,61,Unsafe
64,627,10,20.04,78,46,26,47,Moderate
58,1110,16,19.15,160,99,35,75,Unsafe
49,461,114,20.45,109,41,39,75,Unsafe
57,446,54,20.67,172,100,27,53,Moderate
121,856,89,20.5,58,125,27,78,Unsafe
69,1021,23,20.63,199,65,27,46,Unsafe
69,1135,64,20.41,175,135,38,76,Unsafe
40,441,81,20.6,21,149,34,40,Unsafe
82,1273,24,20.79,194,149,39,49,Unsafe
200,1391,72,19.17,127,54,39,60,Unsafe
153,1317,53,19.98,102,22,39,67,Unsafe
161,1276,18,20.83,161,145,32,72,Unsafe
28,1249,95,19.86,71,74,39,75,Unsafe
63,790,5,20.76,105,77,31,63,Moderate
62,985,15,20.74,174,80,39,68,Moderate
110,543,48,20.62,139,50,25,44,Moderate
169,1214,78,19.42,160,90,37,69,Unsafe
45,756,5,20.13,37,69,35,49,Moderate
168,1024,20,19.9,107,148,31,64,Unsafe
24,1325,74,20.77,98,119,38,61,Unsafe
83,641,8,20.85,142,24,36,66,Moderate
130,818,44,19.35,185,15,28,45,Unsafe
67,1093,67,19.69,28,30,38,54,Unsafe
153,660,120,20.1,110,60,36,46,Unsafe
170,629,32,19.85,174,53,34,61,Unsafe
41,515,42,19.37,90,148,39,44,Moderate
112,701,102,19.44,105,144,30,69,Unsafe
102,656,81,19.3,52,116,31,66,Unsafe
103,1435,107,19.8,99,114,33,78,Unsafe
54,1174,94,20.37,62,21,37,62,Unsafe
42,500,98,20.62,16,69,37,60,Unsafe
67,1005,65,20.61,181,50,25,57,Unsafe
188,1401,104,20.99,187,67,39,43,Unsafe
63,1370,70,19.89,119,117,28,65,Unsafe
57,351,112,19.08,186,102,30,60,Unsafe
64,450,71,19.26,159,87,30,42,Unsafe
134,1143,47,20.71,195,81,37,45,Unsafe
151,554,47,20.38,136,64,26,44,Unsafe
37,427,108,20.42,198,91,39,62,Unsafe
140,549,20,20.87,17,149,33,77,Unsafe
155,770,53,20.52,28,69,38,46,Unsafe
79,1412,13,20.51,199,44,33,45,Unsafe
115,824,80,20.04,50,135,35,70,Unsafe
70,529,42,19.88,151,122,40,66,Moderate
174,584,19,20.83,176,101,26,54,Unsafe
77,390,6,20.91,92,5,33,47,Moderate
21,742,76,19.08,23,76,27,71,Unsafe
89,490,92,20.39,20,48,38,67,Unsafe
154,375,68,20.05,169,15,29,75,Unsafe
71,1121,8,19.42,99,138,26,67,Unsafe
76,533,64,19.63,166,105,33,42,Unsafe
30,743,64,21.0,24,42,34,51,Unsafe
61,455,86,20.12,8,123,38,74,Unsafe
101,828,44,19.86,131,12,40,66,Moderate
89,1410,69,20.75,187,25,34,51,Unsafe
175,559,46,20.46,68,5,39,72,Unsafe
69,1071,86,20.3,182,20,30,49,Unsafe
179,1301,23,19.08,52,144,28,41,Unsafe
66,467,86,20.78,49,64,39,74,Unsafe
142,1292,79,20.77,150,17,28,44,Unsafe
105,840,83,19.03,110,73,35,69,Unsafe
165,1484,64,20.24,114,21,37,45,Unsafe
125,796,21,20.58,98,41,30,51,Unsafe
103,539,68,20.4,180,12,38,78,Unsafe
31,656,94,20.48,23,141,38,54,Unsafe
119,397,102,19.84,88,34,25,63,Unsafe
111,1361,82,20.51,141,72,39,79,Unsafe
51,1285,109,20.06,66,23,39,76,Unsafe
78,796,101,20.59,199,24,37,53,Unsafe
113,1100,110,20.35,135,84,27,57,Unsafe
36,848,69,19.6,61,133,28,76,Unsafe
32,571,10,20.91,68,116,30,59,Moderate
142,1302,102,20.67,56,127,32,56,Unsafe
76,1113,59,20.25,146,15,40,51,Unsafe
157,1122,99,20.39,113,57,33,67,Unsafe
171,434,112,19.82,16,36,26,41,Unsafe
104,1226,110,19.77,198,86,36,64,Unsafe
61,379,61,20.74,65,130,32,50,Unsafe
154,401,107,19.45,136,31,32,72,Unsafe
120,791,20,19.64,163,127,26,56,Unsafe
104,513,92,20.45,62,9,29,47,Unsafe
51,1426,57,20.82,186,58,37,54,Unsafe
189,1310,24,20.28,199,41,31,47,Unsafe
124,620,30,19.31,172,115,31,56,Unsafe
191,552,88,20.44,174,23,32,69,Unsafe
145,453,31,19.88,66,34,25,57,Unsafe
139,1351,79,20.13,199,48,26,43,Unsafe
177,952,24,20.59,173,108,32,74,Unsafe
193,964,6,19.83,182,92,32,46,Unsafe
132,916,42,20.96,68,121,33,72,Unsafe
69,842,111,20.91,59,106,30,67,Unsafe
62,1182,26,20.6,17,78,39,70,Unsafe
113,1395,46,20.25,136,51,39,72,Unsafe
75,366,79,20.57,26,31,31,54,Unsafe
130,616,77,20.69,26,86,33,53,Unsafe
196,1102,103,20.29,187,51,27,54,Unsafe
183,497,25,20.07,124,6,37,59,Unsafe
125,471,94,20.26,40,59,29,54,Unsafe
49,1254,51,20.06,134,32,31,48,Unsafe
74,754,114,20.6,104,30,34,48,Unsafe
46,1170,78,20.5,11,72,29,67,Unsafe
178,872,36,19.49,27,114,36,63,Unsafe
192,1055,71,20.53,143,14,27,49,Unsafe
54,1022,97,19.9,38,48,37,61,Unsafe
103,1195,17,19.45,61,71,40,42,Unsafe
153,975,46,19.14,197,28,25,73,Unsafe
42,1292,118,19.04,45,92,35,40,Unsafe
182,461,76,20.95,100,41,36,72,Unsafe
102,556,61,20.46,103,31,25,44,Unsafe
175,1014,116,20.22,57,17,27,59,Unsafe
147,621,35,20.0,127,133,28,72,Unsafe
51,599,85,19.14,106,119,33,41,Unsafe
57,523,26,19.98,126,137,39,40,Moderate
143,720,72,20.37,24,107,31,44,Unsafe
162,1139,42,19.93,118,75,25,69,Unsafe
114,645,99,20.43,198,44,33,70,Unsafe
172,711,21,20.55,115,129,39,73,Unsafe
59,532,6,19.7,163,12,36,48,Moderate
144,510,50,19.86,75,100,40,73,Unsafe
59,790,114,20.09,41,7,28,50,Unsafe
161,963,36,20.8,83,56,39,68,Unsafe
90,395,10,19.78,143,118,27,58,Moderate
133,458,44,19.09,105,121,25,45,Unsafe
21,1025,38,20.21,66,114,28,60,Unsafe
104,810,90,20.69,138,22,34,71,Unsafe
73,732,58,19.21,65,18,28,59,Moderate
105,404,22,20.38,71,66,38,59,Moderate
91,594,24,20.31,30,12,36,54,Moderate
41,966,5,19.32,199,35,31,42,Moderate
61,784,24,19.21,77,38,29,64,Moderate
109,1305,40,20.27,35,49,25,48,Unsafe
95,1219,58,19.7,153,35,35,42,Unsafe
108,491,6,20.19,37,100,28,58,Moderate
20,627,108,19.44,123,76,38,69,Unsafe
60,1134,92,20.49,121,12,34,53,Unsafe
32,1341,118,20.75,23,140,29,53,Unsafe
39,1170,115,20.02,165,53,34,77,Unsafe
88,451,109,19.14,81,102,33,72,Unsafe
47,1037,23,20.42,145,41,38,49,Unsafe
104,1301,79,19.33,183,56,28,77,Unsafe
175,1106,23,19.63,153,110,31,63,Unsafe
151,1383,18,19.04,128,29,25,45,Unsafe
86,1106,92,20.04,145,79,40,77,Unsafe
21,1252,108,19.97,30,126,34,77,Unsafe
194,425,68,19.34,199,47,35,44,Unsafe
106,684,43,20.89,166,90,30,64,Moderate
175,624,50,19.53,85,136,39,72,Unsafe
20,598,118,19.97,63,147,25,47,Unsafe
138,422,22,20.66,85,11,39,67,Unsafe
179,1004,107,20.58,127,134,37,66,Unsafe
57,477,91,19.01,11,52,35,57,Unsafe
142,1432,80,19.44,88,17,32,70,Unsafe
55,1447,94,20.37,94,88,26,80,Unsafe
135,407,120,19.29,184,76,40,75,Unsafe
133,1297,7,19.22,44,117,29,46,Unsafe
193,917,46,19.44,142,120,33,45,Unsafe
113,400,55,19.66,106,8,26,54,Moderate
118,1170,88,20.89,42,26,27,69,Unsafe
147,1462,34,20.9,29,95,29,75,Unsafe
112,888,64,19.92,44,123,38,59,Unsafe
112,751,35,19.42,92,37,37,40,Moderate
47,1491,12,20.34,49,137,38,66,Unsafe
36,1017,87,20.26,6,73,37,50,Unsafe
89,583,101,19.96,71,124,34,64,Unsafe
111,371,69,20.64,139,53,28,70,Unsafe
152,903,118,19.85,10,61,29,74,Unsafe
142,1008,108,20.27,30,92,25,56,Unsafe
128,375,22,20.34,49,101,40,40,Unsafe
25,403,74,19.52,104,58,29,45,Unsafe
69,615,69,20.19,172,131,27,58,Unsafe
176,853,35,20.91,35,56,39,77,Unsafe
139,929,102,19.08,132,127,28,78,Unsafe
30,372,64,20.5,145,133,29,64,Unsafe
60,1185,73,20.88,27,119,31,77,Unsafe
59,949,42,19.85,148,126,29,67,Moderate
87,511,116,20.69,192,126,31,63,Unsafe
193,728,79,19.28,37,100,39,50,Unsafe
110,1187,101,19.43,40,17,28,52,Unsafe
72,434,24,20.52,72,52,36,64,Moderate
81,889,58,19.38,61,19,36,48,Moderate
163,1039,64,20.79,97,38,35,67,Unsafe
194,1341,96,19.82,54,65,28,62,Unsafe
167,682,14,19.52,176,86,27,48,Unsafe
199,593,22,19.46,128,30,29,76,Unsafe
41,957,86,20.27,161,91,37,48,Unsafe
24,1356,41,20.22,190,17,38,70,Unsafe
178,485,50,19.5,43,79,26,79,Unsafe
179,637,39,19.96,73,131,27,71,Unsafe
36,1079,110,19.33,138,134,39,63,Unsafe
193,863,70,19.42,8,50,38,75,Unsafe
184,1024,54,19.1,103,82,39,40,Unsafe
60,959,85,20.25,113,96,29,47,Unsafe
174,1242,58,19.42,110,71,33,75,Unsafe
100,1271,12,19.94,144,16,33,80,Unsafe
123,818,26,20.58,189,65,38,67,Unsafe
61,1345,116,19.76,125,41,39,54,Unsafe
186,746,54,19.36,9,5,26,60,Unsafe
70,744,55,19.34,126,18,29,62,Moderate
142,1445,70,20.45,62,119,27,68,Unsafe
147,901,108,20.58,152,94,37,76,Unsafe
86,1278,34,19.92,97,126,35,76,Unsafe
192,625,39,19.25,118,147,33,48,Unsafe
154,1048,35,19.97,183,62,34,63,Unsafe
183,1424,25,20.19,156,115,36,52,Unsafe
46,659,17,20.4,143,17,28,70,Moderate
52,1092,74,20.54,58,22,26,57,Unsafe
65,574,72,19.38,91,30,39,41,Unsafe
25,743,62,20.95,63,42,38,74,Unsafe
156,968,37,19.14,139,149,37,41,Unsafe
20,1137,68,19.19,61,74,33,49,Unsafe
88,1437,87,19.68,42,74,33,58,Unsafe
45,385,15,19.08,7,27,26,47,Safe
150,801,46,20.7,130,87,26,48,Unsafe
110,598,26,20.41,93,30,26,59,Moderate
126,1445,94,19.01,122,136,35,80,Unsafe
123,888,41,20.96,47,112,29,77,Unsafe
187,1308,54,20.66,130,94,26,78,Unsafe
172,630,96,20.45,26,72,34,46,Unsafe
142,534,67,20.27,122,71,27,68,Unsafe
58,904,37,20.21,37,38,36,74,Moderate
169,1136,87,20.38,129,114,30,54,Unsafe
90,372,49,20.79,160,87,33,48,Moderate
150,711,79,19.04,168,53,40,53,Unsafe
68,1447,90,20.26,190,136,39,42,Unsafe
26,1463,49,19.35,167,118,33,49,Unsafe
144,357,26,19.21,5,108,39,51,Unsafe
145,1152,24,19.03,82,39,31,62,Unsafe
178,948,22,19.19,165,106,28,55,Unsafe
147,957,47,19.4,111,62,29,72,Unsafe
67,825,58,20.93,147,140,25,47,Moderate
72,599,43,20.53,24,61,26,47,Moderate
184,1233,117,20.46,9,49,40,52,Unsafe
170,975,61,19.23,141,53,28,45,Unsafe
137,1496,21,20.13,105,93,36,76,Unsafe
199,433,7,20.45,59,44,28,67,Unsafe
197,1006,16,19.46,151,130,29,45,Unsafe
193,1333,109,20.48,57,18,27,65,Unsafe
85,1309,118,20.18,27,29,27,47,Unsafe
173,1243,83,20.21,145,104,32,67,Unsafe
95,548,61,20.01,105,69,27,78,Unsafe
71,477,15,19.67,74,48,32,78,Moderate
38,1183,78,20.48,119,129,39,70,Unsafe
154,1408,43,20.68,53,129,32,65,Unsafe
20,835,58,19.89,82,48,27,45,Moderate
34,1109,71,19.08,67,29,32,41,Unsafe
155,778,112,20.5,96,86,35,53,Unsafe
70,1008,28,19.62,125,45,28,71,Unsafe
176,1245,114,19.57,125,40,37,60,Unsafe
103,618,24,19.29,60,119,29,78,Moderate
120,707,107,19.29,82,22,26,44,Unsafe
158,370,103,19.78,115,124,30,73,Unsafe
180,455,105,20.38,150,83,29,56,Unsafe
35,827,75,19.14,174,55,26,46,Unsafe
49,1274,32,19.59,5,104,37,73,Unsafe
58,662,105,19.47,71,80,28,53,Unsafe
103,1344,23,19.83,107,53,30,49,Unsafe
107,1076,11,20.42,184,132,26,63,Unsafe
58,867,21,20.3,166,150,25,42,Moderate
180,535,42,20.45,141,120,27,57,Unsafe
169,1048,58,19.2,51,128,38,71,Unsafe
36,1386,20,19.23,68,26,30,41,Unsafe
21,899,95,19.3,101,130,31,76,Unsafe
129,400,83,19.52,110,49,27,75,Unsafe
193,728,82,19.71,143,7,36,76,Unsafe
168,803,120,19.26,167,12,39,50,Unsafe
195,425,96,20.62,78,131,36,40,Unsafe
82,418,36,20.3,63,67,33,58,Moderate
83,519,56,20.32,64,136,26,45,Moderate
70,1132,115,20.26,171,22,30,51,Unsafe
188,1398,105,19.83,74,95,25,49,Unsafe
77,816,52,19.09,171,24,25,62,Moderate
58,893,30,20.8,25,52,30,68,Moderate
152,1215,36,20.0,90,53,31,44,Unsafe
27,586,45,19.61,85,119,39,74,Moderate
102,1422,33,19.96,170,145,40,71,Unsafe
55,458,24,20.68,125,6,37,53,Moderate
90,1031,91,19.36,135,13,36,44,Unsafe
168,627,84,19.35,136,124,30,79,Unsafe
91,1090,113,19.82,56,105,27,73,Unsafe
194,1165,59,19.67,96,21,39,58,Unsafe
90,668,51,20.53,188,84,34,56,Moderate
133,1182,9,20.0,173,141,25,48,Unsafe
149,893,10,19.56,71,80,26,47,Unsafe
182,973,98,20.7,7,102,32,66,Unsafe
36,1270,95,20.91,49,139,35,42,Unsafe
30,1428,120,20.24,187,148,33,46,Unsafe
145,1304,48,20.45,130,87,39,45,Unsafe
24,1437,99,20.4,198,117,36,65,Unsafe
109,1271,20,20.19,159,7,37,46,Unsafe
186,929,6,19.8,156,58,30,62,Unsafe
86,1273,51,20.91,192,129,31,53,Unsafe
50,607,97,20.79,83,76,29,57,Unsafe
177,523,52,20.48,91,61,32,75,Unsafe
24,1300,101,19.81,73,42,36,56,Unsafe
28,1313,88,20.05,78,131,37,46,Unsafe
57,1070,112,19.13,194,43,26,56,Unsafe
59,1322,97,19.82,19,106,28,73,Unsafe
129,1236,68,20.18,99,12,32,60,Unsafe
76,1427,85,20.79,200,146,26,42,Unsafe
134,1234,48,20.78,74,86,31,52,Unsafe
168,1141,8,20.08,20,9,35,46,Unsafe
165,1303,119,19.52,49,100,25,46,Unsafe
105,761,69,20.28,99,81,29,51,Unsafe
137,740,98,19.76,29,44,31,56,Unsafe
117,595,66,20.43,106,123,40,45,Unsafe
67,480,76,20.73,168,24,40,47,Unsafe
45,1133,110,20.2,81,17,38,46,Unsafe
91,620,78,20.47,124,107,38,73,Unsafe
182,645,82,20.38,103,124,36,44,Unsafe
109,791,96,20.53,7,139,27,53,Unsafe
169,1433,15,19.58,174,92,32,69,Unsafe
167,528,36,19.58,179,18,27,58,Unsafe
76,822,38,19.72,42,127,28,60,Moderate
146,937,85,20.97,140,58,39,52,Unsafe
78,741,95,19.34,72,133,37,67,Unsafe
181,1312,22,20.48,27,148,34,74,Unsafe
142,1233,64,19.26,33,116,30,68,Unsafe
136,1106,89,19.21,117,132,29,65,Unsafe
170,445,75,20.99,166,66,36,46,Unsafe
22,1478,37,19.87,67,75,29,68,Unsafe
141,1013,32,19.66,144,135,35,75,Unsafe
111,651,90,20.34,146,79,40,72,Unsafe
74,708,39,20.71,89,143,39,59,Moderate
22,858,37,19.08,43,55,29,70,Moderate
27,1211,90,20.79,190,118,36,47,Unsafe
124,491,113,20.7,95,70,28,66,Unsafe
62,658,107,20.74,140,136,34,68,Unsafe
160,1417,28,19.34,137,103,29,45,Unsafe
163,1013,34,20.69,25,10,28,74,Unsafe
167,388,16,20.31,68,123,34,72,Unsafe
24,922,5,19.96,95,110,38,46,Moderate
164,1152,51,20.03,104,99,28,54,Unsafe
86,1002,81,20.55,125,101,38,65,Unsafe
30,488,33,19.05,79,128,25,54,Moderate
77,915,90,19.54,175,7,25,53,Unsafe
96,485,80,20.25,87,116,29,41,Unsafe
71,487,97,20.19,89,101,32,69,Unsafe
58,1401,107,19.71,126,103,38,50,Unsafe
182,1377,9,19.95,57,149,30,68,Unsafe
189,473,114,20.75,143,128,32,65,Unsafe
157,1045,110,20.44,107,63,29,48,Unsafe
153,975,58,19.8,84,65,27,75,Unsafe
78,1135,15,20.77,23,96,33,59,Unsafe
56,513,81,19.02,119,69,33,68,Unsafe
158,1367,31,19.62,47,37,30,44,Unsafe
182,648,82,19.49,93,143,36,73,Unsafe
68,1320,112,19.11,125,53,26,53,Unsafe
186,1233,107,20.65,101,113,31,66,Unsafe
116,897,23,19.56,198,97,28,49,Moderate
175,637,61,19.45,90,144,27,59,Unsafe
180,750,60,19.95,166,83,31,72,Unsafe
108,406,56,19.22,181,56,39,50,Moderate
195,552,58,20.94,55,69,30,68,Unsafe
195,813,25,19.4,40,140,27,63,Unsafe
145,487,53,19.82,28,5,33,75,Unsafe
185,1215,105,19.39,172,140,30,43,Unsafe
109,1125,98,20.68,34,38,34,61,Unsafe
131,424,29,19.98,37,122,31,75,Unsafe
53,1291,90,20.72,200,32,30,70,Unsafe
31,742,114,20.38,63,22,37,69,Unsafe
139,1310,95,19.1,158,78,33,66,Unsafe
69,743,12,20.37,169,53,27,49,Moderate
57,928,45,20.48,144,46,31,73,Moderate
118,433,97,19.74,37,14,25,66,Unsafe
144,677,55,19.68,24,136,39,71,Unsafe
164,592,86,20.71,194,118,36,69,Unsafe
38,1491,80,19.67,130,126,28,66,Unsafe
64,1161,97,19.76,123,54,25,74,Unsafe
97,855,32,20.65,123,104,40,65,Moderate
148,703,81,20.77,51,55,31,69,Unsafe
198,449,97,20.24,166,103,29,66,Unsafe
43,1147,41,19.13,198,31,25,61,Unsafe
98,1265,89,20.7,67,39,25,71,Unsafe
47,1229,26,19.52,91,79,35,58,Unsafe
91,604,22,19.52,194,107,29,76,Moderate
50,1122,14,19.12,100,125,26,73,Unsafe
184,1209,19,20.54,122,101,34,45,Unsafe
59,1183,108,19.91,128,131,33,71,Unsafe
199,771,72,19.52,138,20,26,72,Unsafe
173,1278,28,20.92,52,108,29,52,Unsafe
101,1041,81,20.96,101,123,39,79,Unsafe
149,561,93,19.27,132,76,35,49,Unsafe
155,502,55,19.6,9,132,31,53,Unsafe
45,942,85,19.15,48,108,34,42,Unsafe
115,1271,67,20.45,61,146,38,57,Unsafe
169,1442,103,19.38,43,64,25,68,Unsafe
140,1381,111,20.66,199,33,25,42,Unsafe
70,914,66,19.62,96,76,37,74,Unsafe
180,624,94,20.5,111,121,25,59,Unsafe
167,477,69,20.56,106,134,35,67,Unsafe
72,1147,16,19.49,101,65,30,72,Unsafe
163,1222,86,20.2,36,86,33,60,Unsafe
101,1014,34,19.62,126,142,35,44,Unsafe
163,364,45,19.86,93,116,33,74,Unsafe
72,1255,13,19.65,150,48,29,43,Unsafe
86,1409,41,19.58,41,144,33,57,Unsafe
69,841,88,19.65,168,125,38,63,Unsafe
64,738,51,19.7,14,110,38,42,Moderate
113,453,81,20.09,140,104,32,54,Unsafe
180,584,14,20.62,161,96,34,62,Unsafe
166,465,34,19.33,41,74,29,46,Unsafe
46,1235,42,20.56,177,97,27,62,Unsafe
124,579,40,20.99,132,20,25,67,Unsafe
189,1368,101,20.96,170,15,25,75,Unsafe
30,525,97,20.79,124,29,39,74,Unsafe
127,1402,62,20.66,180,37,29,75,Unsafe
66,670,98,19.15,149,102,28,79,Unsafe
38,729,66,19.11,87,149,29,65,Unsafe
73,1095,117,20.32,13,52,30,65,Unsafe
42,1041,96,20.54,127,63,36,55,Unsafe
26,1245,75,19.66,58,136,25,73,Unsafe
164,494,10,19.8,86,32,27,76,Unsafe
136,1190,93,20.56,49,120,38,58,Unsafe
192,843,46,20.5,165,7,30,58,Unsafe
94,862,75,20.6,85,49,37,43,Unsafe
196,756,22,20.44,41,85,35,53,Unsafe
121,727,102,20.12,54,149,36,55,Unsafe
140,1132,89,20.06,141,46,35,71,Unsafe
131,709,46,19.72,158,36,35,52,Unsafe
81,1413,29,20.93,15,74,34,57,Unsafe
150,837,108,20.16,69,60,36,46,Unsafe
161,636,57,20.25,60,112,30,62,Unsafe
175,1460,87,19.47,71,15,35,46,Unsafe
183,580,48,19.25,96,104,28,68,Unsafe
79,645,45,19.91,114,118,39,63,Moderate
164,1359,34,20.64,58,136,29,55,Unsafe
46,777,8,20.61,174,16,37,73,Moderate
159,1208,71,20.69,22,98,37,58,Unsafe
117,769,64,20.49,28,80,39,71,Unsafe
188,622,42,20.41,151,81,37,76,Unsafe
133,967,48,20.83,88,83,30,63,Unsafe
131,869,107,20.1,190,52,40,42,Unsafe
81,674,23,19.42,24,55,31,64,Moderate
126,1117,51,20.17,38,9,25,41,Unsafe
140,1042,63,19.72,58,20,28,44,Unsafe
130,777,67,20.27,40,98,31,49,Unsafe
91,400,44,19.6,49,104,32,58,Moderate
194,1128,66,20.45,87,20,37,60,Unsafe
192,583,41,19.65,124,119,29,45,Unsafe
28,1308,114,19.68,16,53,30,72,Unsafe
142,1176,48,20.41,74,146,33,57,Unsafe
199,956,60,20.2,49,20,37,66,Unsafe
142,1075,113,19.45,146,57,26,62,Unsafe
154,432,113,19.55,44,130,36,40,Unsafe
175,522,21,19.15,77,78,32,47,Unsafe
196,1069,99,20.83,77,87,29,71,Unsafe
55,732,13,20.66,65,61,27,58,Moderate
31,1450,102,20.81,133,74,26,69,Unsafe
116,353,91,20.34,9,140,29,57,Unsafe
147,1233,67,19.27,16,80,33,49,Unsafe
161,1122,114,20.26,162,19,30,68,Unsafe
51,561,70,19.82,14,67,30,53,Unsafe
130,1325,103,20.81,159,53,39,59,Unsafe
48,1427,13,19.07,177,90,38,52,Unsafe
105,1118,9,19.97,135,80,27,68,Unsafe
126,702,104,20.87,120,74,26,69,Unsafe
178,1416,116,20.74,125,109,27,58,Unsafe
145,1315,49,20.4,171,93,30,71,Unsafe
31,1233,37,19.96,60,16,37,47,Unsafe
166,1173,25,20.53,24,53,39,48,Unsafe
63,1123,112,19.34,5,144,31,49,Unsafe
195,758,54,20.38,177,87,34,41,Unsafe
112,596,16,20.51,32,44,30,54,Moderate
34,630,86,20.48,23,41,35,57,Unsafe
65,1412,77,19.08,12,43,34,64,Unsafe
186,921,63,19.43,104,104,28,59,Unsafe
55,1398,85,20.7,98,18,40,55,Unsafe
161,1423,8,19.41,185,56,32,58,Unsafe
126,1025,13,20.37,99,118,33,51,Unsafe
162,1401,113,20.41,192,6,36,68,Unsafe
113,1424,54,20.8,151,89,32,77,Unsafe
145,910,116,19.92,6,84,35,42,Unsafe
118,353,88,19.94,70,132,39,48,Unsafe
158,633,111,19.88,47,88,34,63,Unsafe
49,1363,88,19.64,176,5,40,70,Unsafe
103,861,43,19.41,129,118,30,45,Moderate
179,437,67,19.68,43,76,32,40,Unsafe
108,374,45,20.02,141,106,40,48,Moderate
65,1327,85,20.09,149,31,35,68,Unsafe
85,1227,75,20.67,156,104,39,73,Unsafe
41,1222,50,20.31,99,90,40,60,Unsafe
126,610,109,20.77,117,12,30,63,Unsafe
129,698,46,21.0,96,130,31,48,Unsafe
189,962,42,19.2,160,120,37,62,Unsafe
41,735,100,19.81,117,67,38,52,Unsafe
78,1305,112,19.57,55,34,31,42,Unsafe
88,835,20,20.85,90,147,26,76,Moderate
117,1275,33,20.4,188,36,33,47,Unsafe
178,1117,8,20.53,140,140,27,59,Unsafe
105,419,90,20.51,103,58,39,56,Unsafe
143,650,30,19.19,160,53,27,77,Unsafe
62,1325,17,19.35,146,123,31,77,Unsafe
125,399,16,19.31,64,98,31,62,Unsafe
188,1452,37,19.76,127,138,28,51,Unsafe
129,541,92,19.0,114,31,26,73,Unsafe
143,381,66,20.2,29,13,38,78,Unsafe
153,799,87,19.03,101,15,29,44,Unsafe
174,1347,65,20.55,155,56,34,60,Unsafe
176,1039,45,19.42,62,83,37,75,Unsafe
85,492,78,20.37,89,48,30,50,Unsafe
168,361,24,19.79,177,102,32,56,Unsafe
192,670,80,20.58,157,12,37,57,Unsafe
118,510,48,20.59,69,7,26,46,Moderate
91,761,73,20.19,108,58,26,80,Unsafe
47,1388,15,19.12,115,87,36,49,Unsafe
41,1223,55,20.55,113,103,34,76,Unsafe
74,644,33,19.88,75,65,40,80,Moderate
145,394,113,19.36,55,113,33,56,Unsafe
111,931,94,19.03,87,91,28,77,Unsafe
70,524,95,20.55,130,107,30,58,Unsafe
123,847,91,19.97,117,93,36,56,Unsafe
94,1094,97,20.86,85,91,39,43,Unsafe
68,789,96,19.39,187,95,27,70,Unsafe
156,671,103,20.18,69,121,34,70,Unsafe
179,808,43,19.42,88,48,28,52,Unsafe
94,1420,55,20.4,164,25,36,75,Unsafe
200,625,118,20.98,126,40,33,51,Unsafe
141,1161,31,19.28,88,149,40,74,Unsafe
47,631,18,20.18,136,150,32,80,Moderate
41,1359,20,20.94,176,109,28,64,Unsafe
22,734,34,20.88,139,141,38,57,Moderate
80,774,95,19.62,9,136,39,41,Unsafe
79,1468,81,20.25,27,89,33,67,Unsafe
68,677,79,19.46,126,52,35,77,Unsafe
162,490,92,19.46,29,111,35,50,Unsafe
152,1290,23,19.37,74,55,33,68,Unsafe
174,1481,12,19.32,108,44,33,45,Unsafe
28,1311,83,19.89,49,112,27,50,Unsafe
190,806,93,19.24,26,107,27,51,Unsafe
69,377,112,20.21,177,146,32,57,Unsafe
146,1167,70,20.15,42,96,26,68,Unsafe
58,1014,46,19.53,122,94,31,77,Unsafe
167,1446,50,20.21,22,128,30,52,Unsafe
176,474,65,19.92,71,138,39,75,Unsafe
48,1304,59,19.52,74,106,29,69,Unsafe
187,513,49,20.54,8,106,26,57,Unsafe
25,538,8,20.16,85,63,26,77,Moderate
187,1070,58,20.46,13,110,37,46,Unsafe
158,1438,91,20.31,37,96,40,45,Unsafe
24,951,118,20.43,91,22,27,62,Unsafe
176,476,22,19.55,193,111,40,53,Unsafe
176,390,36,19.9,8,120,40,42,Unsafe
91,880,74,20.78,199,63,32,70,Unsafe
181,1385,54,19.73,80,110,30,69,Unsafe
198,1429,26,20.5,192,89,25,69,Unsafe
180,1099,25,19.73,99,128,40,71,Unsafe
44,406,36,20.59,93,104,27,57,Moderate
58,888,11,19.02,22,24,38,70,Moderate
198,792,64,19.76,70,15,25,61,Unsafe
117,1370,19,19.39,123,112,29,44,Unsafe
200,1037,79,20.68,48,121,27,75,Unsafe
35,1490,38,20.71,29,25,30,80,Unsafe
75,592,97,19.9,100,149,28,50,Unsafe
56,1455,83,19.61,95,57,32,60,Unsafe
42,609,61,20.38,191,92,26,70,Unsafe
131,773,68,20.98,167,85,25,56,Unsafe
199,687,27,20.93,86,79,26,46,Unsafe
78,931,57,20.84,196,51,37,73,Moderate
93,1019,79,20.7,40,89,26,72,Unsafe
154,1104,82,19.37,12,25,33,60,Unsafe
146,671,50,20.63,37,133,27,41,Unsafe
180,1227,61,19.19,173,6,30,77,Unsafe
30,647,76,19.42,183,43,32,52,Unsafe
146,966,89,19.2,94,119,33,60,Unsafe
55,749,116,20.09,98,16,27,80,Unsafe
146,1263,61,20.86,127,58,35,79,Unsafe
148,1302,66,20.85,190,104,28,59,Unsafe
67,924,110,19.64,165,66,30,66,Unsafe
183,1218,25,19.6,69,43,35,46,Unsafe
77,385,59,20.5,97,145,29,67,Moderate
107,731,108,19.52,35,45,32,73,Unsafe
21,1092,24,19.08,5,63,32,71,Unsafe
167,786,51,20.48,78,150,31,58,Unsafe
164,879,30,19.56,6,53,27,66,Unsafe
175,437,57,19.35,111,105,26,42,Unsafe
166,707,38,20.69,111,17,39,67,Unsafe
79,1208,23,20.91,197,9,32,54,Unsafe
106,546,104,19.63,38,9,34,73,Unsafe
193,694,66,20.2,81,21,34,69,Unsafe
24,1203,82,20.33,144,12,40,70,Unsafe
182,670,45,20.73,100,135,34,67,Unsafe
65,1083,64,20.4,123,10,25,54,Unsafe
78,488,74,19.1,78,128,27,59,Unsafe
162,1141,75,20.33,94,129,31,60,Unsafe
27,1421,37,20.55,149,8,35,74,Unsafe
163,806,14,20.37,155,47,31,41,Unsafe
139,1104,22,20.73,29,107,31,52,Unsafe
174,767,90,19.83,106,49,35,55,Unsafe
170,870,79,19.64,115,64,38,65,Unsafe
101,1159,120,19.6,141,124,35,76,Unsafe
70,541,32,19.17,75,16,34,79,Moderate
107,1266,88,19.3,102,49,27,77,Unsafe
101,812,16,19.05,91,62,29,43,Moderate
70,998,103,19.74,49,120,36,78,Unsafe
94,625,53,19.41,55,137,30,72,Moderate
110,1495,29,19.64,106,88,34,63,Unsafe
160,1495,16,20.41,6,66,27,40,Unsafe
165,1375,87,20.38,58,70,27,70,Unsafe
107,866,93,19.73,146,48,26,58,Unsafe
144,481,9,19.99,87,16,37,70,Unsafe
60,440,38,19.78,91,113,37,72,Moderate
127,1215,43,19.54,35,6,25,46,Unsafe
65,1380,27,19.1,45,18,32,57,Unsafe
63,405,80,20.14,40,33,37,60,Unsafe
109,959,25,19.08,104,68,34,72,Moderate
163,1252,91,19.48,101,141,32,64,Unsafe
136,755,59,19.72,65,80,38,65,Unsafe
44,1368,58,20.28,131,54,28,53,Unsafe
52,1411,19,20.23,124,16,31,42,Unsafe
77,1011,9,20.9,163,6,38,59,Unsafe
163,579,15,19.24,137,117,26,80,Unsafe
169,1354,19,20.27,192,85,36,62,Unsafe
45,1423,37,19.65,197,148,26,47,Unsafe
117,1085,58,20.3,61,129,25,47,Unsafe
36,643,97,20.25,142,126,38,75,Unsafe
70,856,32,20.16,6,30,36,80,Moderate
109,989,10,19.87,24,41,37,50,Moderate
61,1230,38,20.67,100,33,30,79,Unsafe
181,1462,59,19.28,108,129,27,69,Unsafe
24,714,57,20.59,46,58,26,79,Moderate
33,662,62,19.69,145,115,36,50,Unsafe
169,592,37,19.44,176,32,25,59,Unsafe
174,1279,34,19.48,125,146,25,62,Unsafe
136,752,110,20.08,115,34,29,47,Unsafe
182,684,93,19.41,72,18,34,72,Unsafe
173,365,95,21.0,183,150,36,56,Unsafe
86,1241,34,19.27,81,146,31,75,Unsafe
27,826,8,19.73,22,20,27,59,Moderate
163,619,59,19.86,185,42,29,49,Unsafe
164,1075,23,19.06,8,147,37,51,Unsafe
115,1022,53,20.82,72,34,33,61,Unsafe
89,1168,73,19.71,163,117,28,67,Unsafe
200,926,30,20.78,101,116,29,60,Unsafe
83,1072,71,20.19,41,12,40,67,Unsafe
36,1034,119,20.49,138,5,31,71,Unsafe
68,494,41,20.24,34,96,31,48,Moderate
119,1355,19,19.85,57,58,26,54,Unsafe
72,1328,61,20.25,163,30,25,55,Unsafe
113,799,91,20.23,21,130,35,73,Unsafe
74,1006,106,20.15,49,68,29,80,Unsafe
128,1462,9,19.45,162,60,36,64,Unsafe
145,1181,42,20.96,197,87,35,57,Unsafe
88,811,78,19.74,91,67,35,42,Unsafe
93,1305,103,20.09,183,9,32,46,Unsafe
143,784,83,20.14,113,6,27,63,Unsafe
170,476,43,20.73,52,10,33,72,Unsafe
119,1030,13,20.71,74,47,29,52,Unsafe
29,840,37,20.66,150,9,39,55,Moderate
29,1122,11,19.73,142,60,32,53,Unsafe
28,1092,39,19.84,86,86,40,56,Unsafe
162,511,20,20.62,14,20,40,40,Unsafe
188,971,119,19.79,50,47,37,43,Unsafe
67,730,79,19.45,144,95,37,62,Unsafe
54,1452,35,20.79,82,137,30,58,Unsafe
189,1116,46,19.46,75,27,36,77,Unsafe
187,1314,27,19.1,165,9,34,79,Unsafe
186,1464,83,19.87,161,43,30,44,Unsafe
151,1456,49,19.24,132,107,25,77,Unsafe
168,1122,14,20.01,10,9,25,51,Unsafe
38,377,63,19.67,39,117,32,43,Unsafe
199,715,45,20.4,166,118,28,60,Unsafe
34,1371,39,20.05,21,77,33,41,Unsafe
144,1389,88,19.23,153,71,33,69,Unsafe
162,1200,112,20.4,13,22,37,41,Unsafe
24,1092,82,20.17,125,66,36,48,Unsafe
31,1196,58,20.01,79,20,38,67,Unsafe
38,1392,96,20.26,127,93,31,54,Unsafe
38,669,35,20.98,106,69,31,47,Moderate
135,687,19,19.55,161,50,32,73,Unsafe
45,516,116,20.22,129,8,26,64,Unsafe
177,683,61,20.31,68,106,32,49,Unsafe
67,439,37,20.61,150,49,25,51,Moderate
125,1092,6,19.05,37,5,29,58,Unsafe
59,1484,94,20.09,112,112,34,47,Unsafe
156,906,65,19.37,31,41,26,79,Unsafe
166,1325,111,20.93,146,42,30,42,Unsafe
182,884,18,19.19,191,131,36,77,Unsafe
167,846,114,19.13,15,118,25,75,Unsafe
66,942,40,19.95,17,47,30,57,Moderate
163,552,33,19.28,145,129,33,48,Unsafe
109,870,40,20.82,43,78,27,54,Moderate
86,411,31,19.91,43,64,25,63,Moderate
103,1350,26,20.68,50,69,26,40,Unsafe
93,777,53,20.42,30,108,28,68,Moderate
132,596,22,19.45,158,30,33,65,Unsafe
178,696,76,19.46,130,117,39,63,Unsafe
183,649,114,20.1,76,66,29,64,Unsafe
96,699,26,19.19,127,43,39,76,Moderate
29,699,93,20.21,109,8,37,62,Unsafe
148,356,83,19.59,186,27,36,46,Unsafe
179,665,113,20.64,112,63,27,64,Unsafe
123,633,41,19.39,82,33,34,57,Unsafe
136,375,43,19.47,60,35,39,75,Unsafe
183,406,42,20.32,142,6,25,73,Unsafe
96,1229,99,20.28,162,60,27,63,Unsafe
150,685,84,20.41,55,119,37,41,Unsafe
127,517,116,20.4,158,59,35,54,Unsafe
148,567,40,19.39,25,79,34,76,Unsafe
149,1031,67,19.97,109,68,26,46,Unsafe
150,1305,101,20.05,18,129,30,74,Unsafe
100,493,15,20.01,133,74,35,70,Moderate
182,1269,14,20.39,123,144,33,55,Unsafe
145,447,53,20.44,110,106,29,45,Unsafe
142,1313,23,20.61,186,129,31,48,Unsafe
81,859,98,19.15,125,133,34,48,Unsafe
148,356,19,20.77,159,47,38,42,Unsafe
81,1178,65,20.56,142,134,32,79,Unsafe
110,603,72,20.94,25,58,25,55,Unsafe
105,971,51,20.99,102,48,26,58,Moderate
179,693,22,20.57,161,105,29,79,Unsafe
120,1353,37,19.43,59,125,30,72,Unsafe
107,697,52,19.73,140,36,37,46,Moderate
26,1318,87,20.8,171,66,37,72,Unsafe
38,1006,15,19.43,142,111,33,61,Unsafe
131,353,28,20.59,108,64,29,65,Unsafe
168,1360,26,20.84,71,46,25,67,Unsafe
28,636,53,19.12,60,88,28,45,Moderate
173,1165,120,20.0,60,78,32,57,Unsafe
44,1186,83,20.3,16,71,29,74,Unsafe
162,1374,62,20.42,141,105,40,47,Unsafe
103,773,84,19.86,82,42,26,75,Unsafe
187,783,9,19.54,106,106,36,40,Unsafe
98,1204,55,19.34,26,56,38,61,Unsafe
193,1310,95,20.21,82,71,27,42,Unsafe
43,541,103,19.16,87,102,32,58,Unsafe
153,963,11,19.37,44,110,34,69,Unsafe
20,545,7,19.72,38,149,30,58,Moderate
86,1081,115,19.54,48,134,36,42,Unsafe
177,942,56,20.38,187,150,36,46,Unsafe
91,831,91,20.46,84,46,26,51,Unsafe
173,1474,14,19.56,199,146,28,61,Unsafe
121,776,46,19.83,123,83,32,74,Unsafe
129,467,57,19.76,39,22,28,74,Unsafe
95,1482,63,20.64,96,45,28,71,Unsafe
26,1326,7,20.92,171,97,37,66,Unsafe
110,1245,36,21.0,84,54,36,59,Unsafe
159,1220,105,19.84,184,43,39,41,Unsafe
121,1352,23,19.03,87,126,29,56,Unsafe
197,1413,40,19.72,63,81,30,62,Unsafe
131,1097,81,19.38,23,11,27,73,Unsafe
112,1471,60,20.73,138,108,29,44,Unsafe
125,668,50,19.54,109,69,27,72,Unsafe
124,696,102,20.95,74,147,29,79,Unsafe
162,667,31,20.12,92,39,26,59,Unsafe
95,861,53,20.65,140,145,29,45,Moderate
198,1104,94,20.49,65,122,40,58,Unsafe
69,1413,23,19.18,93,142,40,75,Unsafe
94,1194,92,19.62,171,13,34,47,Unsafe
108,1317,76,19.04,175,40,25,43,Unsafe
82,381,63,20.56,41,50,30,59,Unsafe
146,948,55,20.0,49,45,29,76,Unsafe
22,988,93,19.68,175,39,36,56,Unsafe
101,1214,58,19.4,189,26,30,67,Unsafe
126,468,91,20.58,176,58,36,66,Unsafe
174,1436,42,20.04,123,22,25,76,Unsafe
39,988,119,19.43,152,93,32,59,Unsafe
107,1482,59,20.49,161,101,37,73,Unsafe
173,662,29,20.8,54,47,31,64,Unsafe
56,1500,67,20.68,50,21,28,68,Unsafe
192,728,87,20.7,137,42,31,58,Unsafe
42,1488,51,20.48,25,88,31,42,Unsafe
158,546,59,19.27,7,114,35,65,Unsafe
169,602,33,19.63,125,98,37,48,Unsafe
180,465,92,20.15,19,115,38,69,Unsafe
145,835,5,19.08,92,133,33,50,Unsafe
124,815,95,19.33,68,104,26,71,Unsafe
46,803,25,21.0,84,78,31,46,Moderate
125,629,16,20.46,118,122,30,78,Unsafe
139,1408,94,20.54,129,102,38,40,Unsafe
120,1364,82,20.98,176,42,27,52,Unsafe
182,1172,73,19.09,168,63,31,70,Unsafe
177,963,92,20.02,15,149,31,69,Unsafe
118,718,61,19.52,153,90,40,42,Unsafe
119,830,26,20.62,183,118,25,67,Moderate
106,376,29,20.22,157,98,32,73,Moderate
125,584,44,20.43,17,101,36,61,Unsafe
20,855,112,20.97,136,130,35,77,Unsafe
62,654,20,20.59,174,45,35,76,Moderate
157,1152,71,19.69,74,76,30,51,Unsafe
185,1084,23,19.46,17,109,25,77,Unsafe
81,962,101,20.57,153,44,34,40,Unsafe
188,1346,47,19.93,36,113,26,46,Unsafe
188,456,66,19.29,39,107,36,78,Unsafe
50,1199,99,20.55,40,128,32,80,Unsafe
168,717,44,20.0,165,9,30,79,Unsafe
43,1391,108,20.71,56,20,39,64,Unsafe
159,961,119,20.68,58,147,27,65,Unsafe
41,1344,72,20.17,58,9,26,71,Unsafe
132,723,20,20.2,21,76,37,68,Unsafe
143,729,43,19.21,140,101,32,42,Unsafe
27,1180,55,19.09,123,141,38,52,Unsafe
198,1053,104,20.29,25,114,30,65,Unsafe
79,1101,115,19.4,171,22,39,58,Unsafe
78,498,112,20.33,188,150,32,65,Unsafe
107,1123,37,20.94,67,82,31,74,Unsafe
28,759,92,20.22,146,145,28,46,Unsafe
21,511,89,19.96,79,110,29,40,Unsafe
153,810,48,20.81,198,31,37,41,Unsafe
178,1295,67,20.91,43,148,25,62,Unsafe
200,584,94,20.07,156,134,28,40,Unsafe
143,1409,53,20.76,185,44,34,63,Unsafe
137,718,55,20.38,14,138,29,74,Unsafe
142,515,95,20.67,32,81,30,78,Unsafe
45,492,19,19.31,133,134,30,41,Moderate
164,915,38,19.14,29,48,38,79,Unsafe
141,1046,88,19.66,191,28,29,41,Unsafe
182,811,78,20.97,175,144,37,73,Unsafe
147,1353,22,20.98,22,142,38,66,Unsafe
126,1210,109,19.65,109,106,26,49,Unsafe
177,418,64,19.96,44,41,31,45,Unsafe
143,1494,26,19.51,200,113,25,46,Unsafe
35,1155,36,19.43,187,110,27,75,Unsafe
24,748,15,19.13,85,99,34,56,Moderate
99,858,68,19.2,90,79,25,77,Unsafe
120,767,36,20.05,61,79,33,56,Unsafe
87,525,38,20.79,117,126,29,55,Moderate
39,673,89,20.44,147,15,25,63,Unsafe
181,970,115,20.18,33,34,33,69,Unsafe
110,1493,62,19.34,38,38,35,63,Unsafe
119,505,111,20.96,49,113,25,71,Unsafe
160,667,75,19.34,77,105,39,80,Unsafe
168,805,101,20.64,123,97,25,71,Unsafe
193,366,99,20.45,27,130,40,69,Unsafe
22,1100,60,19.52,116,37,35,64,Unsafe
49,1483,45,19.95,75,141,27,60,Unsafe
59,1137,64,20.82,57,60,32,43,Unsafe
183,974,20,19.61,184,19,31,70,Unsafe
57,581,104,20.78,67,81,31,48,Unsafe
166,1309,120,19.45,100,79,30,47,Unsafe
147,1169,100,20.17,93,133,31,76,Unsafe
168,448,42,19.81,96,87,34,68,Unsafe
168,1498,55,20.25,13,138,25,67,Unsafe
105,1459,66,20.6,77,115,30,74,Unsafe
155,1127,72,19.27,74,8,25,41,Unsafe
62,992,45,19.25,187,59,37,62,Moderate
144,1104,91,20.04,100,82,26,65,Unsafe
146,410,34,19.54,172,77,39,62,Unsafe
65,923,31,20.46,30,66,26,65,Moderate
160,667,17,19.22,100,82,31,62,Unsafe
166,547,28,19.69,195,94,34,43,Unsafe
170,914,111,19.41,19,38,29,43,Unsafe
114,1418,67,20.5,12,67,26,65,Unsafe
68,738,46,19.4,86,6,39,61,Moderate
60,574,63,19.79,122,12,33,43,Unsafe
183,857,12,19.48,132,135,35,49,Unsafe
48,1021,81,19.81,195,47,27,57,Unsafe
24,1011,7,19.5,13,84,30,55,Unsafe
146,652,75,19.78,109,145,29,66,Unsafe
141,1083,82,19.28,54,40,35,62,Unsafe
185,1311,113,20.05,155,129,35,52,Unsafe
21,635,43,20.33,90,148,29,73,Moderate
111,1219,26,20.46,108,111,36,43,Unsafe
107,705,97,20.43,168,54,28,55,Unsafe
41,1095,85,19.18,13,15,28,43,Unsafe
197,945,58,19.95,129,49,37,71,Unsafe
112,1421,39,20.72,21,89,40,57,Unsafe
74,1377,13,19.4,84,25,35,64,Unsafe
159,744,92,19.29,25,10,31,45,Unsafe
87,1039,41,20.81,66,124,33,66,Unsafe
48,1289,18,19.07,22,91,27,55,Unsafe
27,654,114,20.96,102,98,29,40,Unsafe
126,484,109,19.3,156,125,31,60,Unsafe
152,837,101,20.66,11,9,35,58,Unsafe
83,607,94,19.4,36,90,36,44,Unsafe
46,501,102,20.65,20,20,33,44,Unsafe
120,394,101,19.66,43,110,35,61,Unsafe
82,1254,61,19.68,83,27,25,40,Unsafe
36,986,105,20.6,12,27,39,42,Unsafe
94,1263,72,19.89,112,143,26,54,Unsafe
67,767,118,19.59,178,49,28,63,Unsafe
141,1404,69,19.84,136,140,40,50,Unsafe
125,746,74,20.73,124,126,28,55,Unsafe
158,657,106,20.24,74,76,31,62,Unsafe
92,890,113,20.13,171,60,37,56,Unsafe
103,696,10,20.56,176,9,40,44,Moderate
43,429,87,20.15,41,63,32,56,Unsafe
134,1236,83,19.58,123,92,34,54,Unsafe
103,1002,24,20.75,145,145,32,46,Unsafe
53,1481,119,20.36,44,148,39,46,Unsafe
106,1227,34,20.72,113,83,34,76,Unsafe
180,506,80,20.65,116,102,40,66,Unsafe
161,740,49,19.12,16,46,40,41,Unsafe
167,1420,103,19.67,117,119,26,49,Unsafe
54,1427,7,20.16,70,10,25,69,Unsafe
37,1108,111,19.5,58,104,39,72,Unsafe
26,1076,73,20.14,136,93,31,43,Unsafe
65,892,43,19.27,112,120,26,40,Moderate
116,705,32,20.57,35,62,34,51,Moderate
40,998,59,19.97,114,139,36,69,Moderate
116,1255,39,20.04,7,124,38,62,Unsafe
157,1410,12,20.67,14,71,35,59,Unsafe
61,1160,110,20.54,21,58,36,48,Unsafe
136,1402,28,19.65,46,83,37,62,Unsafe
168,481,73,19.34,149,29,34,60,Unsafe
49,748,35,20.06,188,58,38,43,Moderate
108,1183,21,20.29,102,22,40,60,Unsafe
142,859,16,19.02,98,130,36,66,Unsafe
23,1200,120,19.16,11,68,38,78,Unsafe
148,1127,19,20.35,66,74,27,51,Unsafe
152,1045,18,20.63,87,101,27,61,Unsafe
132,746,83,19.88,79,70,34,74,Unsafe
74,562,65,20.75,52,73,39,47,Unsafe
92,526,13,20.78,41,120,39,52,Moderate
179,1404,5,20.34,187,73,34,49,Unsafe
28,1440,63,19.98,177,46,40,43,Unsafe
96,1196,30,19.77,96,79,36,63,Unsafe
200,974,27,19.74,93,51,25,67,Unsafe
29,1017,57,20.26,105,25,29,45,Unsafe
123,853,105,20.41,78,74,26,70,Unsafe
180,1060,49,20.47,100,127,37,77,Unsafe
154,1487,28,20.88,65,121,30,61,Unsafe
159,617,106,19.8,139,52,27,63,Unsafe
64,1381,58,20.4,50,117,35,50,Unsafe
87,443,116,19.91,109,60,40,62,Unsafe
37,917,52,20.13,24,102,35,77,Moderate
130,1011,11,19.8,18,77,27,74,Unsafe
110,1408,13,20.35,65,130,33,61,Unsafe
187,1316,63,20.03,154,29,26,72,Unsafe
169,1329,118,20.42,157,24,32,70,Unsafe
130,1436,40,19.4,189,6,38,51,Unsafe
138,420,89,20.25,112,28,27,44,Unsafe
58,785,119,19.87,151,77,37,74,Unsafe
172,860,11,20.97,50,137,31,55,Unsafe
166,820,26,20.72,78,62,36,77,Unsafe
165,1218,64,20.36,63,73,26,46,Unsafe
198,516,59,20.59,68,114,34,72,Unsafe
38,545,113,20.07,91,82,33,40,Unsafe
189,555,98,20.45,15,84,39,58,Unsafe
144,1231,93,20.38,188,114,28,51,Unsafe
81,751,50,20.06,120,37,26,68,Moderate
166,1125,108,20.42,65,6,26,43,Unsafe
121,372,93,20.11,55,123,40,76,Unsafe
131,423,10,19.18,138,57,25,74,Unsafe
196,1403,69,19.05,64,58,31,63,Unsafe
102,482,44,20.05,106,103,37,68,Moderate
61,480,73,20.71,180,141,38,58,Unsafe
82,1466,72,20.41,174,44,39,74,Unsafe
126,485,8,19.36,124,132,38,50,Unsafe
143,951,55,20.02,159,57,37,49,Unsafe
75,719,120,19.1,64,105,34,77,Unsafe
41,844,17,20.68,90,97,34,54,Moderate
67,716,11,20.64,9,16,37,42,Moderate
118,1496,86,20.45,112,110,29,80,Unsafe
122,837,83,19.83,94,121,37,79,Unsafe
74,1402,19,20.37,26,127,31,68,Unsafe
121,1122,62,20.44,134,28,37,77,Unsafe
149,1158,98,19.96,64,94,27,49,Unsafe
107,1483,6,20.14,45,90,26,65,Unsafe
148,1088,79,20.01,28,102,35,55,Unsafe
170,1277,28,19.87,174,24,27,54,Unsafe
159,908,51,19.74,196,78,25,76,Unsafe
156,1346,97,20.7,159,16,39,43,Unsafe
109,629,11,20.42,70,92,37,56,Moderate
176,757,73,20.11,38,11,27,47,Unsafe
28,911,34,19.88,51,115,40,79,Moderate
134,1345,8,19.08,90,20,33,74,Unsafe
193,803,118,19.91,36,116,29,66,Unsafe
141,1303,6,19.75,153,19,29,76,Unsafe
66,573,116,19.91,13,90,28,73,Unsafe
78,713,35,20.13,118,75,36,47,Moderate
118,1136,28,20.86,177,145,35,70,Unsafe
168,530,96,19.4,198,145,36,48,Unsafe
130,1300,84,20.08,28,50,28,62,Unsafe
171,802,60,19.57,110,49,27,79,Unsafe
170,810,116,19.61,135,52,38,76,Unsafe
102,1245,24,19.83,153,138,27,57,Unsafe
182,1165,119,19.12,45,72,34,62,Unsafe
68,877,96,20.3,140,91,30,75,Unsafe
47,863,40,19.15,69,108,26,73,Moderate
35,418,116,19.16,63,13,38,78,Unsafe
37,1228,22,20.71,200,68,28,58,Unsafe
64,1193,8,19.51,47,109,36,60,Unsafe
136,500,85,20.38,79,63,31,77,Unsafe
141,1398,97,19.81,80,25,35,53,Unsafe
126,1471,41,20.15,123,9,26,58,Unsafe
140,1134,103,20.93,184,89,25,77,Unsafe
116,893,59,19.86,57,146,34,49,Moderate
72,1477,19,19.94,186,106,30,57,Unsafe
45,1126,27,20.8,15,85,32,69,Unsafe
171,1184,40,20.14,113,55,29,41,Unsafe
112,1233,17,19.27,57,10,25,65,Unsafe
131,947,59,20.52,76,5,39,53,Unsafe
164,544,85,19.85,174,41,34,45,Unsafe
94,1002,111,19.24,45,119,26,63,Unsafe
109,679,29,19.66,67,43,30,57,Moderate
114,503,84,19.21,114,135,25,74,Unsafe
173,365,43,19.85,25,130,31,80,Unsafe
108,877,15,19.55,32,69,35,70,Moderate
163,639,77,19.34,94,108,37,80,Unsafe
103,1341,12,20.31,179,30,38,60,Unsafe
44,696,29,20.74,143,71,35,60,Moderate
82,374,48,19.98,164,82,33,72,Moderate
25,980,19,20.81,152,52,36,50,Moderate
149,1182,6,19.79,94,10,33,44,Unsafe
42,746,17,20.8,154,106,29,73,Moderate
135,715,118,19.9,52,48,37,42,Unsafe
68,372,14,19.07,115,34,37,51,Moderate
151,697,88,19.62,104,136,25,46,Unsafe
106,734,95,20.0,23,97,31,73,Unsafe
118,774,47,20.45,86,94,38,47,Moderate
110,929,116,19.35,77,81,32,59,Unsafe
176,962,93,20.66,58,80,38,47,Unsafe
149,1331,116,19.02,129,134,39,54,Unsafe
43,741,57,19.5,157,135,31,56,Moderate
115,405,6,20.86,88,7,37,68,Moderate
167,1029,78,19.29,127,47,26,51,Unsafe
64,1446,17,19.71,172,11,28,69,Unsafe
93,1464,111,20.1,164,111,34,43,Unsafe
149,391,78,20.39,52,31,39,48,Unsafe
107,605,96,20.65,164,86,32,50,Unsafe
170,423,95,20.52,51,133,34,56,Unsafe
149,396,47,19.21,23,6,36,80,Unsafe
48,1171,8,20.79,145,76,37,46,Unsafe
133,1326,26,19.06,57,98,37,75,Unsafe
159,1127,24,21.0,20,110,25,67,Unsafe
124,732,35,20.84,94,129,30,70,Unsafe
38,1478,116,20.03,134,73,40,78,Unsafe
31,541,31,19.23,170,143,32,42,Moderate
134,1377,51,19.57,56,90,26,64,Unsafe
95,1403,21,20.11,178,65,29,77,Unsafe
128,680,69,19.46,58,50,28,79,Unsafe
58,1200,29,19.84,35,70,40,66,Unsafe
124,1393,14,19.49,40,76,37,68,Unsafe
133,891,105,19.17,57,33,36,63,Unsafe
134,896,21,19.59,100,100,33,53,Unsafe
191,872,37,19.26,71,116,39,60,Unsafe
132,986,86,20.75,124,27,25,51,Unsafe
156,787,40,19.26,84,111,40,51,Unsafe
192,886,27,20.26,31,110,26,50,Unsafe
145,466,93,20.17,125,107,28,75,Unsafe
79,1376,42,20.91,84,142,36,54,Unsafe
125,1342,116,19.49,195,122,37,77,Unsafe
142,814,70,20.81,12,65,33,61,Unsafe
198,1048,38,20.76,138,36,32,76,Unsafe
183,1205,113,19.34,184,104,25,74,Unsafe
191,821,107,20.89,182,128,39,65,Unsafe
176,845,5,19.06,166,100,33,54,Unsafe
143,466,8,20.65,74,128,33,52,Unsafe
154,394,59,19.28,13,141,33,55,Unsafe
49,1413,64,20.71,42,84,35,70,Unsafe
85,1288,104,20.71,167,9,32,65,Unsafe
167,1408,72,20.72,121,104,35,59,Unsafe
89,801,80,20.15,190,123,29,43,Unsafe
35,566,12,20.94,145,83,32,41,Moderate
158,1346,17,19.25,117,44,36,76,Unsafe
45,995,69,19.36,158,134,39,55,Unsafe
49,723,18,20.53,122,32,32,68,Moderate
133,1395,30,20.73,83,126,25,78,Unsafe
149,1207,101,19.19,86,99,40,77,Unsafe
182,1204,35,20.51,192,35,38,56,Unsafe
181,815,119,20.38,199,48,26,42,Unsafe
200,1395,60,20.31,49,91,37,58,Unsafe
25,695,49,20.88,139,145,39,77,Moderate
114,1460,88,20.92,27,16,27,58,Unsafe
177,983,42,20.64,72,114,30,46,Unsafe
190,499,117,20.07,93,5,31,72,Unsafe
62,1152,33,19.88,187,87,40,74,Unsafe
145,768,31,20.89,23,57,25,67,Unsafe
112,370,24,20.88,93,95,39,60,Moderate
193,476,83,20.46,75,62,37,48,Unsafe
141,1309,95,19.52,32,81,32,74,Unsafe
20,1166,110,20.06,163,57,39,63,Unsafe
94,748,96,20.38,66,19,40,44,Unsafe
